Protocollo;Gruppo;DataOraIncidente;Localizzazione1;STRADA1;Localizzazione2;STRADA2;Strada02;Chilometrica;DaSpecificare;NaturaIncidente;particolaritastrade;TipoStrada;FondoStradale;Pavimentazione;Segnaletica;CondizioneAtmosferica;Traffico;Visibilita;Illuminazione;NUM_FERITI;NUM_RISERVATA;NUM_MORTI;NUM_ILLESI;Longitudine;Latitudine;Confermato;Progressivo;TipoVeicolo;StatoVeicolo;TipoPersona;Sesso;Tipolesione;Deceduto;DecedutoDopo;CinturaCascoUtilizzato;Airbag
1732927;20;05/08/2007 01:50;Statale entro l'abitato;VIA FLAMINIA;in prossimità;;del civico n. ;1808;;Scontro frontale fra veicoli in marcia;Rettilineo;Una carreggiata a doppio senso;Asciutto;Asfaltata;Orizzontale;Sereno;Scarso;Sufficiente;Inesistente;3;0;0;0;;;-1;2;Autovettura privata;In marcia / fermata / arresto;Conducente;M;Rimandato;0;NON DECEDUTO;Non accertato;Esploso
1732928;20;04/08/2007 15:30;Strada Urbana;VIA CONCESIO;in prossimità;;della chilometrica ;1;;Scontro laterale fra veicoli in marcia;Curva senza visuale libera;Una carreggiata a doppio senso;Asciutto;Asfaltata;Orizzontale;Sereno;Normale;Buona;Ore Diurne;0;0;0;3;;;-1;1;Autovettura privata;In marcia / fermata / arresto;Conducente;F;Illeso;0;;Utilizzato;Inesploso
1732928;20;04/08/2007 15:30;Strada Urbana;VIA CONCESIO;in prossimità;;della chilometrica ;1;;Scontro laterale fra veicoli in marcia;Curva senza visuale libera;Una carreggiata a doppio senso;Asciutto;Asfaltata;Orizzontale;Sereno;Normale;Buona;Ore Diurne;0;0;0;3;;;-1;2;Motociclo a solo;In marcia / fermata / arresto;Conducente;M;Illeso;0;;Non accertato;Inesistente
1732928;20;04/08/2007 15:30;Strada Urbana;VIA CONCESIO;in prossimità;;della chilometrica ;1;;Scontro laterale fra veicoli in marcia;Curva senza visuale libera;Una carreggiata a doppio senso;Asciutto;Asfaltata;Orizzontale;Sereno;Normale;Buona;Ore Diurne;0;0;0;3;;;-1;3;Motociclo a solo;Allontanatosi;Conducente;M;Illeso;0;;Non accertato;Inesistente
1732929;20;04/08/2007 23:30;Strada Urbana;LUNGOTEVERE MARESCIALLO DIAZ;da specificare;;;;fronte Viale Ministero Affari Esteri;Scontro frontale/laterale SX fra veicoli in marcia;Rettilineo;Due carreggiate;Asciutto;Asfaltata;Verticale ed orizzontale;Sereno;Scarso;Sufficiente;Sufficiente;0;0;0;4;;;-1;1;Autovettura privata;In marcia / fermata / arresto;Conducente;M;Illeso;0;;Utilizzato;Inesploso
1732929;20;04/08/2007 23:30;Strada Urbana;LUNGOTEVERE MARESCIALLO DIAZ;da specificare;;;;fronte Viale Ministero Affari Esteri;Scontro frontale/laterale SX fra veicoli in marcia;Rettilineo;Due carreggiate;Asciutto;Asfaltata;Verticale ed orizzontale;Sereno;Scarso;Sufficiente;Sufficiente;0;0;0;4;;;-1;1;Autovettura privata;In marcia / fermata / arresto;Passeggero;F;Illeso;0;;Utilizzato;Inesploso
1732929;20;04/08/2007 23:30;Strada Urbana;LUNGOTEVERE MARESCIALLO DIAZ;da specificare;;;;fronte Viale Ministero Affari Esteri;Scontro frontale/laterale SX fra veicoli in marcia;Rettilineo;Due carreggiate;Asciutto;Asfaltata;Verticale ed orizzontale;Sereno;Scarso;Sufficiente;Sufficiente;0;0;0;4;;;-1;1;Autovettura privata;In marcia / fermata / arresto;Passeggero;M;Illeso;0;;Utilizzato;Inesistente
1732929;20;04/08/2007 23:30;Strada Urbana;LUNGOTEVERE MARESCIALLO DIAZ;da specificare;;;;fronte Viale Ministero Affari Esteri;Scontro frontale/laterale SX fra veicoli in marcia;Rettilineo;Due carreggiate;Asciutto;Asfaltata;Verticale ed orizzontale;Sereno;Scarso;Sufficiente;Sufficiente;0;0;0;4;;;-1;2;Autovettura privata;In marcia / fermata / arresto;Conducente;M;Illeso;0;;Utilizzato;Inesploso
1732930;20;05/08/2007 11:15;Strada Urbana;VIA FLAMINIA;da specificare;;;;interno cimitero via Islamici pross.tà uscita;Tamponamento;Curva a visuale libera;Una carreggiata a senso unico di marcia;Asciutto;Asfaltata;Assente;Sereno;Intenso;Buona;Ore Diurne;0;0;0;4;;;-1;1;Autovettura privata;In marcia / fermata / arresto;Conducente;M;Illeso;0;;Non accertato;Inesploso
1732930;20;05/08/2007 11:15;Strada Urbana;VIA FLAMINIA;da specificare;;;;interno cimitero via Islamici pross.tà uscita;Tamponamento;Curva a visuale libera;Una carreggiata a senso unico di marcia;Asciutto;Asfaltata;Assente;Sereno;Intenso;Buona;Ore Diurne;0;0;0;4;;;-1;2;Autovettura privata;In marcia / fermata / arresto;Conducente;M;Illeso;0;;Non accertato;Inesistente
1732930;20;05/08/2007 11:15;Strada Urbana;VIA FLAMINIA;da specificare;;;;interno cimitero via Islamici pross.tà uscita;Tamponamento;Curva a visuale libera;Una carreggiata a senso unico di marcia;Asciutto;Asfaltata;Assente;Sereno;Intenso;Buona;Ore Diurne;0;0;0;4;;;-1;2;Autovettura privata;In marcia / fermata / arresto;Passeggero;M;Illeso;0;;Non accertato;Inesistente
1732930;20;05/08/2007 11:15;Strada Urbana;VIA FLAMINIA;da specificare;;;;interno cimitero via Islamici pross.tà uscita;Tamponamento;Curva a visuale libera;Una carreggiata a senso unico di marcia;Asciutto;Asfaltata;Assente;Sereno;Intenso;Buona;Ore Diurne;0;0;0;4;;;-1;2;Autovettura privata;In marcia / fermata / arresto;Passeggero;M;Illeso;0;;Non accertato;Inesistente
1732931;20;05/08/2007 12:55;Strada Urbana;VIA FORNACI DI TOR DI QUINTO;da specificare;;;;prossimità ingresso parco;Veicolo in marcia contro ostacolo accidentale;Rettilineo;Una carreggiata a doppio senso;Asciutto;Asfaltata;Assente;Sereno;Scarso;Buona;Ore Diurne;0;0;0;1;;;-1;1;Motociclo a solo;In marcia / fermata / arresto;Conducente;M;Illeso;0;;Non accertato;Inesistente
1732932;20;05/08/2007 16:35;Strada Urbana;LUNGOTEVERE MARESCIALLO DIAZ;all'intersezione semaforizzata con;LARGO MARESCIALLO DIAZ;LARGO MARESCIALLO DIAZ;;;Scontro laterale fra veicoli in marcia;Intersezione regolata dal vigile;Due carreggiate;Asciutto;Asfaltata;Orizzontale;Sereno;Intenso;Buona;Ore Diurne;0;0;0;4;;;-1;1;Autovettura privata;In marcia / fermata / arresto;Conducente;M;Illeso;0;;Non accertato;Inesistente
1732932;20;05/08/2007 16:35;Strada Urbana;LUNGOTEVERE MARESCIALLO DIAZ;all'intersezione semaforizzata con;LARGO MARESCIALLO DIAZ;LARGO MARESCIALLO DIAZ;;;Scontro laterale fra veicoli in marcia;Intersezione regolata dal vigile;Due carreggiate;Asciutto;Asfaltata;Orizzontale;Sereno;Intenso;Buona;Ore Diurne;0;0;0;4;;;-1;1;Autovettura privata;In marcia / fermata / arresto;Passeggero;F;Illeso;0;;Non accertato;Inesistente
1732932;20;05/08/2007 16:35;Strada Urbana;LUNGOTEVERE MARESCIALLO DIAZ;all'intersezione semaforizzata con;LARGO MARESCIALLO DIAZ;LARGO MARESCIALLO DIAZ;;;Scontro laterale fra veicoli in marcia;Intersezione regolata dal vigile;Due carreggiate;Asciutto;Asfaltata;Orizzontale;Sereno;Intenso;Buona;Ore Diurne;0;0;0;4;;;-1;2;Autovettura privata;In marcia / fermata / arresto;Conducente;M;Illeso;0;;Non accertato;Inesistente
1732932;20;05/08/2007 16:35;Strada Urbana;LUNGOTEVERE MARESCIALLO DIAZ;all'intersezione semaforizzata con;LARGO MARESCIALLO DIAZ;LARGO MARESCIALLO DIAZ;;;Scontro laterale fra veicoli in marcia;Intersezione regolata dal vigile;Due carreggiate;Asciutto;Asfaltata;Orizzontale;Sereno;Intenso;Buona;Ore Diurne;0;0;0;4;;;-1;2;Autovettura privata;In marcia / fermata / arresto;Passeggero;F;Illeso;0;;Non accertato;Inesistente
1732946;5;03/08/2007 09:05;Statale entro l'abitato;VIA TIBURTINA;all'intersezione semaforizzata con;VIA DI PORTONACCIO;VIA DI PORTONACCIO;;;Veicolo in marcia contro ostacolo fisso;Intersezione semaforizzata;Più di due carreggiate;Asciutto;Asfaltata;Verticale ed orizzontale;Sereno;Normale;Buona;Ore Diurne;5;0;0;3;;;-1;;;;Pedone;F;Rifiuta cure immediate;0;NON DECEDUTO;;
1732946;5;03/08/2007 09:05;Statale entro l'abitato;VIA TIBURTINA;all'intersezione semaforizzata con;VIA DI PORTONACCIO;VIA DI PORTONACCIO;;;Veicolo in marcia contro ostacolo fisso;Intersezione semaforizzata;Più di due carreggiate;Asciutto;Asfaltata;Verticale ed orizzontale;Sereno;Normale;Buona;Ore Diurne;5;0;0;3;;;-1;1;Autovettura privata;In marcia / fermata / arresto;Conducente;M;Rimandato;0;NON DECEDUTO;Non accertato;Esploso
1732946;5;03/08/2007 09:05;Statale entro l'abitato;VIA TIBURTINA;all'intersezione semaforizzata con;VIA DI PORTONACCIO;VIA DI PORTONACCIO;;;Veicolo in marcia contro ostacolo fisso;Intersezione semaforizzata;Più di due carreggiate;Asciutto;Asfaltata;Verticale ed orizzontale;Sereno;Normale;Buona;Ore Diurne;5;0;0;3;;;-1;2;Autovettura privata;In marcia / fermata / arresto;Conducente;F;Illeso;0;;Non accertato;Inesploso
1732946;5;03/08/2007 09:05;Statale entro l'abitato;VIA TIBURTINA;all'intersezione semaforizzata con;VIA DI PORTONACCIO;VIA DI PORTONACCIO;;;Veicolo in marcia contro ostacolo fisso;Intersezione semaforizzata;Più di due carreggiate;Asciutto;Asfaltata;Verticale ed orizzontale;Sereno;Normale;Buona;Ore Diurne;5;0;0;3;;;-1;3;Autovettura privata;In marcia / fermata / arresto;Conducente;M;Rimandato;0;NON DECEDUTO;Non accertato;Inesploso
1732946;5;03/08/2007 09:05;Statale entro l'abitato;VIA TIBURTINA;all'intersezione semaforizzata con;VIA DI PORTONACCIO;VIA DI PORTONACCIO;;;Veicolo in marcia contro ostacolo fisso;Intersezione semaforizzata;Più di due carreggiate;Asciutto;Asfaltata;Verticale ed orizzontale;Sereno;Normale;Buona;Ore Diurne;5;0;0;3;;;-1;4;Autovettura privata;In marcia / fermata / arresto;Conducente;M;Rimandato;0;NON DECEDUTO;Non accertato;Inesploso
1732946;5;03/08/2007 09:05;Statale entro l'abitato;VIA TIBURTINA;all'intersezione semaforizzata con;VIA DI PORTONACCIO;VIA DI PORTONACCIO;;;Veicolo in marcia contro ostacolo fisso;Intersezione semaforizzata;Più di due carreggiate;Asciutto;Asfaltata;Verticale ed orizzontale;Sereno;Normale;Buona;Ore Diurne;5;0;0;3;;;-1;4;Autovettura privata;In marcia / fermata / arresto;Passeggero;F;Rimandato;0;NON DECEDUTO;Non accertato;Inesistente
1732946;5;03/08/2007 09:05;Statale entro l'abitato;VIA TIBURTINA;all'intersezione semaforizzata con;VIA DI PORTONACCIO;VIA DI PORTONACCIO;;;Veicolo in marcia contro ostacolo fisso;Intersezione semaforizzata;Più di due carreggiate;Asciutto;Asfaltata;Verticale ed orizzontale;Sereno;Normale;Buona;Ore Diurne;5;0;0;3;;;-1;5;Autovettura privata;In marcia / fermata / arresto;Conducente;F;Illeso;0;;Non accertato;Inesploso
1732946;5;03/08/2007 09:05;Statale entro l'abitato;VIA TIBURTINA;all'intersezione semaforizzata con;VIA DI PORTONACCIO;VIA DI PORTONACCIO;;;Veicolo in marcia contro ostacolo fisso;Intersezione semaforizzata;Più di due carreggiate;Asciutto;Asfaltata;Verticale ed orizzontale;Sereno;Normale;Buona;Ore Diurne;5;0;0;3;;;-1;6;Autovettura privata;In marcia / fermata / arresto;Conducente;M;Illeso;0;;Non accertato;Inesploso
1732948;6;03/08/2007 10:05;Strada Urbana;VIALE DELLA PRIMAVERA;all'intersezione con;VIA DELLE ALBIZZIE;VIA DELLE ALBIZZIE;;;Scontro frontale/laterale SX fra veicoli in marcia;Incrocio;Una carreggiata a senso unico di marcia;Asciutto;Asfaltata;Verticale ed orizzontale;Sereno;Normale;Buona;Ore Diurne;1;0;0;0;;;-1;1;Motociclo a solo;In marcia / fermata / arresto;Conducente;M;Rimandato;0;NON DECEDUTO;Non accertato;Inesistente
1732949;6;03/08/2007 13:50;Strada Urbana;VIA PRENESTINA;in corrispondenza;;del civico n. ;190;;Tamponamento;Rettilineo;Una carreggiata a doppio senso;Asciutto;Asfaltata;Orizzontale;Sereno;Normale;Buona;Ore Diurne;1;0;0;1;;;-1;1;Autovettura privata;In marcia / fermata / arresto;Conducente;M;Illeso;0;;Utilizzato;Inesistente
1732949;6;03/08/2007 13:50;Strada Urbana;VIA PRENESTINA;in corrispondenza;;del civico n. ;190;;Tamponamento;Rettilineo;Una carreggiata a doppio senso;Asciutto;Asfaltata;Orizzontale;Sereno;Normale;Buona;Ore Diurne;1;0;0;1;;;-1;2;Motociclo a solo;In marcia / fermata / arresto;Conducente;M;Ricoverato;0;NON DECEDUTO;Non accertato;Inesistente
1732950;6;03/08/2007 15:00;Strada Urbana;VIA ALBERTO DA GIUSSANO;in corrispondenza;;del civico n. ;24;;Veicolo in marcia contro veicoli fermi;Rettilineo;Una carreggiata a doppio senso;Asciutto;Asfaltata;Orizzontale;Sereno;Normale;Buona;Ore Diurne;0;0;0;1;;;-1;3;Autovettura privata;In marcia / fermata / arresto;Conducente;M;Illeso;0;;Non accertato;Inesistente
1732951;6;03/08/2007 16:50;Strada Urbana;VIA FRANCESCO FERRAIRONI;in corrispondenza;;del civico n. ;8;;Scontro laterale fra veicoli in marcia;Rettilineo;Una carreggiata a senso unico di marcia;Asciutto;Asfaltata;Orizzontale;Sereno;Scarso;Buona;Ore Diurne;1;0;0;1;;;-1;1;Autovettura privata;In marcia / fermata / arresto;Conducente;M;Illeso;0;;Utilizzato;Inesistente
1732951;6;03/08/2007 16:50;Strada Urbana;VIA FRANCESCO FERRAIRONI;in corrispondenza;;del civico n. ;8;;Scontro laterale fra veicoli in marcia;Rettilineo;Una carreggiata a senso unico di marcia;Asciutto;Asfaltata;Orizzontale;Sereno;Scarso;Buona;Ore Diurne;1;0;0;1;;;-1;2;Ciclomotore;In marcia / fermata / arresto;Conducente;M;Rimandato;0;NON DECEDUTO;Utilizzato;Inesistente
1732952;6;03/08/2007 19:10;Strada Urbana;VIA PRENESTINA;all'intersezione semaforizzata con;VIALE RONCHI;VIALE RONCHI;;;Scontro frontale/laterale SX fra veicoli in marcia;Incrocio;Due carreggiate;Asciutto;Asfaltata;Verticale ed orizzontale;Sereno;Normale;Buona;Ore Diurne;1;0;0;1;;;-1;1;Autovettura privata;In marcia / fermata / arresto;Conducente;F;Illeso;0;;Non accertato;Inesistente
1732952;6;03/08/2007 19:10;Strada Urbana;VIA PRENESTINA;all'intersezione semaforizzata con;VIALE RONCHI;VIALE RONCHI;;;Scontro frontale/laterale SX fra veicoli in marcia;Incrocio;Due carreggiate;Asciutto;Asfaltata;Verticale ed orizzontale;Sereno;Normale;Buona;Ore Diurne;1;0;0;1;;;-1;2;Motociclo a solo;In marcia / fermata / arresto;Conducente;M;Ricoverato;0;NON DECEDUTO;Non accertato;Inesistente
1732953;6;03/08/2007 19:45;Strada Urbana;VIA PRENESTINA;all'intersezione con;VIA GIROLAMO COCCONI;VIA GIROLAMO COCCONI;;;Tamponamento;Incrocio;Due carreggiate;Asciutto;Asfaltata;Orizzontale;Sereno;Normale;Buona;Ore Diurne;0;0;0;1;;;-1;1;Autovettura privata;In marcia / fermata / arresto;Conducente;M;Illeso;0;;Non accertato;Inesistente
1732954;6;04/08/2007 01:20;Strada Urbana;VIA PRENESTINA;all'intersezione con;VIA MUZIO ATTENDOLO;VIA MUZIO ATTENDOLO;;;Scontro frontale/laterale DX fra veicoli in marcia;Incrocio;Due carreggiate;Asciutto;Asfaltata;Assente;Sereno;Scarso;Buona;Sufficiente;1;0;0;2;;;-1;1;Autovettura privata;In marcia / fermata / arresto;Conducente;M;Illeso;0;;Non accertato;Inesistente
1732954;6;04/08/2007 01:20;Strada Urbana;VIA PRENESTINA;all'intersezione con;VIA MUZIO ATTENDOLO;VIA MUZIO ATTENDOLO;;;Scontro frontale/laterale DX fra veicoli in marcia;Incrocio;Due carreggiate;Asciutto;Asfaltata;Assente;Sereno;Scarso;Buona;Sufficiente;1;0;0;2;;;-1;1;Autovettura privata;In marcia / fermata / arresto;Passeggero;F;Illeso;0;;Non accertato;Inesistente
1732954;6;04/08/2007 01:20;Strada Urbana;VIA PRENESTINA;all'intersezione con;VIA MUZIO ATTENDOLO;VIA MUZIO ATTENDOLO;;;Scontro frontale/laterale DX fra veicoli in marcia;Incrocio;Due carreggiate;Asciutto;Asfaltata;Assente;Sereno;Scarso;Buona;Sufficiente;1;0;0;2;;;-1;2;Ciclomotore;In marcia / fermata / arresto;Conducente;M;Rimandato;0;NON DECEDUTO;Non accertato;Inesistente
1732955;6;04/08/2007 14:05;Strada Urbana;VIA LEONARDO BUFALINI;all'intersezione semaforizzata con;VIA CASILINA;VIA CASILINA;;;Scontro laterale fra veicoli in marcia;Intersezione semaforizzata;Due carreggiate;Asciutto;Asfaltata;Verticale ed orizzontale;Sereno;Scarso;Buona;Ore Diurne;1;0;0;1;;;-1;1;Autovettura privata;In marcia / fermata / arresto;Conducente;F;Illeso;0;;Non accertato;Inesistente
1732955;6;04/08/2007 14:05;Strada Urbana;VIA LEONARDO BUFALINI;all'intersezione semaforizzata con;VIA CASILINA;VIA CASILINA;;;Scontro laterale fra veicoli in marcia;Intersezione semaforizzata;Due carreggiate;Asciutto;Asfaltata;Verticale ed orizzontale;Sereno;Scarso;Buona;Ore Diurne;1;0;0;1;;;-1;2;Motociclo a solo;In marcia / fermata / arresto;Conducente;F;Rifiuta cure immediate;0;NON DECEDUTO;Non accertato;Inesistente
1732956;6;05/08/2007 08:30;Strada Urbana;VIA PRENESTINA;in prossimità;;del civico n. ;234;;Investimento di pedone;Rettilineo;Due carreggiate;Asciutto;Asfaltata;Verticale ed orizzontale;Sereno;Scarso;Buona;Ore Diurne;2;0;0;0;;;-1;;;;Pedone;F;Rimandato;0;NON DECEDUTO;;
1732956;6;05/08/2007 08:30;Strada Urbana;VIA PRENESTINA;in prossimità;;del civico n. ;234;;Investimento di pedone;Rettilineo;Due carreggiate;Asciutto;Asfaltata;Verticale ed orizzontale;Sereno;Scarso;Buona;Ore Diurne;2;0;0;0;;;-1;1;Motociclo a solo;In marcia / fermata / arresto;Conducente;M;Rifiuta cure immediate;0;NON DECEDUTO;Non accertato;Inesistente
1732958;6;05/08/2007 11:00;Strada Urbana;VIA FORMIA;all'intersezione con;VIA TERRACINA;VIA TERRACINA;;;Scontro frontale/laterale SX fra veicoli in marcia;Incrocio;Una carreggiata a doppio senso;Asciutto;Asfaltata;Verticale ed orizzontale;Sereno;Scarso;Buona;Ore Diurne;1;0;0;3;;;-1;1;Autovettura privata;In marcia / fermata / arresto;Conducente;F;Ricoverato;0;NON DECEDUTO;Non accertato;Inesistente
1732958;6;05/08/2007 11:00;Strada Urbana;VIA FORMIA;all'intersezione con;VIA TERRACINA;VIA TERRACINA;;;Scontro frontale/laterale SX fra veicoli in marcia;Incrocio;Una carreggiata a doppio senso;Asciutto;Asfaltata;Verticale ed orizzontale;Sereno;Scarso;Buona;Ore Diurne;1;0;0;3;;;-1;2;Autovettura privata;In marcia / fermata / arresto;Conducente;M;Illeso;0;;Non accertato;Inesistente
1732958;6;05/08/2007 11:00;Strada Urbana;VIA FORMIA;all'intersezione con;VIA TERRACINA;VIA TERRACINA;;;Scontro frontale/laterale SX fra veicoli in marcia;Incrocio;Una carreggiata a doppio senso;Asciutto;Asfaltata;Verticale ed orizzontale;Sereno;Scarso;Buona;Ore Diurne;1;0;0;3;;;-1;2;Autovettura privata;In marcia / fermata / arresto;Passeggero;F;Illeso;0;;Non accertato;Inesistente
1732958;6;05/08/2007 11:00;Strada Urbana;VIA FORMIA;all'intersezione con;VIA TERRACINA;VIA TERRACINA;;;Scontro frontale/laterale SX fra veicoli in marcia;Incrocio;Una carreggiata a doppio senso;Asciutto;Asfaltata;Verticale ed orizzontale;Sereno;Scarso;Buona;Ore Diurne;1;0;0;3;;;-1;2;Autovettura privata;In marcia / fermata / arresto;Passeggero;M;Illeso;0;;Esente;Inesistente
1732959;6;05/08/2007 15:30;Strada Urbana;VIA PIETRO ROVETTI;all'intersezione con;VIA CARLO DELLA ROCCA;VIA CARLO DELLA ROCCA;;;Scontro frontale/laterale DX fra veicoli in marcia;Incrocio;Una carreggiata a senso unico di marcia;Asciutto;Asfaltata;Verticale ed orizzontale;Sereno;Scarso;Buona;Ore Diurne;1;0;0;2;;;-1;1;Autovettura privata;In marcia / fermata / arresto;Conducente;F;Illeso;0;;Non accertato;Inesistente
1732959;6;05/08/2007 15:30;Strada Urbana;VIA PIETRO ROVETTI;all'intersezione con;VIA CARLO DELLA ROCCA;VIA CARLO DELLA ROCCA;;;Scontro frontale/laterale DX fra veicoli in marcia;Incrocio;Una carreggiata a senso unico di marcia;Asciutto;Asfaltata;Verticale ed orizzontale;Sereno;Scarso;Buona;Ore Diurne;1;0;0;2;;;-1;2;Autovettura privata;In marcia / fermata / arresto;Conducente;M;Illeso;0;;Non accertato;Inesistente
1732959;6;05/08/2007 15:30;Strada Urbana;VIA PIETRO ROVETTI;all'intersezione con;VIA CARLO DELLA ROCCA;VIA CARLO DELLA ROCCA;;;Scontro frontale/laterale DX fra veicoli in marcia;Incrocio;Una carreggiata a senso unico di marcia;Asciutto;Asfaltata;Verticale ed orizzontale;Sereno;Scarso;Buona;Ore Diurne;1;0;0;2;;;-1;2;Autovettura privata;In marcia / fermata / arresto;Passeggero;F;Rimandato;0;NON DECEDUTO;Non accertato;Inesistente
1732962;7;03/08/2007 11:20;Strada Urbana;VIALE PALMIRO TOGLIATTI;all'intersezione con;VIA PRENESTINA;VIA PRENESTINA;;;Tamponamento;Intersezione semaforizzata;Due carreggiate;Asciutto;Asfaltata;Verticale ed orizzontale;Sereno;Normale;Buona;Ore Diurne;0;0;0;2;;;-1;1;Motociclo a solo;In marcia / fermata / arresto;Conducente;M;Illeso;0;;Utilizzato;Inesistente
1732962;7;03/08/2007 11:20;Strada Urbana;VIALE PALMIRO TOGLIATTI;all'intersezione con;VIA PRENESTINA;VIA PRENESTINA;;;Tamponamento;Intersezione semaforizzata;Due carreggiate;Asciutto;Asfaltata;Verticale ed orizzontale;Sereno;Normale;Buona;Ore Diurne;0;0;0;2;;;-1;2;Autovettura privata;In marcia / fermata / arresto;Conducente;F;Illeso;0;;Non accertato;Inesistente
1732963;7;03/08/2007 11:55;Strada Urbana;VIA DI TOR TRE TESTE;in corrispondenza;;del civico n. ;95;;Tamponamento;Rettilineo;Una carreggiata a doppio senso;Asciutto;Asfaltata;Orizzontale;Sereno;Normale;Buona;Ore Diurne;3;0;0;2;;;-1;1;Autovettura privata;In marcia / fermata / arresto;Conducente;M;Rimandato;0;NON DECEDUTO;Non accertato;Inesistente
1732963;7;03/08/2007 11:55;Strada Urbana;VIA DI TOR TRE TESTE;in corrispondenza;;del civico n. ;95;;Tamponamento;Rettilineo;Una carreggiata a doppio senso;Asciutto;Asfaltata;Orizzontale;Sereno;Normale;Buona;Ore Diurne;3;0;0;2;;;-1;1;Autovettura privata;In marcia / fermata / arresto;Passeggero;M;Rimandato;0;NON DECEDUTO;Non accertato;Inesistente
1732963;7;03/08/2007 11:55;Strada Urbana;VIA DI TOR TRE TESTE;in corrispondenza;;del civico n. ;95;;Tamponamento;Rettilineo;Una carreggiata a doppio senso;Asciutto;Asfaltata;Orizzontale;Sereno;Normale;Buona;Ore Diurne;3;0;0;2;;;-1;1;Autovettura privata;In marcia / fermata / arresto;Passeggero;M;Rimandato;0;NON DECEDUTO;Non accertato;Inesistente
1732963;7;03/08/2007 11:55;Strada Urbana;VIA DI TOR TRE TESTE;in corrispondenza;;del civico n. ;95;;Tamponamento;Rettilineo;Una carreggiata a doppio senso;Asciutto;Asfaltata;Orizzontale;Sereno;Normale;Buona;Ore Diurne;3;0;0;2;;;-1;2;Autovettura privata;In marcia / fermata / arresto;Conducente;M;Illeso;0;;Non accertato;Inesistente
1732963;7;03/08/2007 11:55;Strada Urbana;VIA DI TOR TRE TESTE;in corrispondenza;;del civico n. ;95;;Tamponamento;Rettilineo;Una carreggiata a doppio senso;Asciutto;Asfaltata;Orizzontale;Sereno;Normale;Buona;Ore Diurne;3;0;0;2;;;-1;2;Autovettura privata;In marcia / fermata / arresto;Passeggero;F;Illeso;0;;Non accertato;Inesistente
1732964;7;03/08/2007 13:15;Strada Urbana;VIA DEI CICLAMINI;da specificare;;;;altezza civico 102;Veicolo in marcia contro ostacolo accidentale;Rettilineo;Una carreggiata a doppio senso;Asciutto;Asfaltata;Assente;Sereno;Scarso;Buona;Ore Diurne;0;0;0;1;;;-1;1;Autovettura privata;In marcia / fermata / arresto;Conducente;F;Illeso;0;;Non accertato;Inesploso
1732965;7;03/08/2007 14:15;Strada Urbana;VIA PRENESTINA;da specificare;;;;altezza via E. Longoni;Tamponamento;Rettilineo;Una carreggiata a senso unico di marcia;Asciutto;Asfaltata;Orizzontale;Sereno;Intenso;Buona;Ore Diurne;0;0;0;2;;;-1;1;Autovettura privata;In marcia / fermata / arresto;Conducente;M;Illeso;0;;Non accertato;Inesistente
1732965;7;03/08/2007 14:15;Strada Urbana;VIA PRENESTINA;da specificare;;;;altezza via E. Longoni;Tamponamento;Rettilineo;Una carreggiata a senso unico di marcia;Asciutto;Asfaltata;Orizzontale;Sereno;Intenso;Buona;Ore Diurne;0;0;0;2;;;-1;2;Autocarro superiore 35 q.;In marcia / fermata / arresto;Conducente;M;Illeso;0;;Non accertato;Inesistente
1732966;7;04/08/2007 04:30;Strada Urbana;VIA PRENESTINA;da specificare;;;;CIRCA 20 MT. PRIMA DEL CIV. 944;Veicolo in marcia contro ostacolo fisso;Rettilineo;Una carreggiata a doppio senso;Asciutto;Asfaltata;Orizzontale;Sereno;Scarso;Buona;Sufficiente;1;0;0;0;;;-1;1;Autovettura privata;In marcia / fermata / arresto;Conducente;M;Rimandato;0;NON DECEDUTO;Non accertato;Inesistente
1732967;7;04/08/2007 05:30;Strada Urbana;VIALE PALMIRO TOGLIATTI;all'intersezione con;VIA CASTORE DURANTE;VIA CASTORE DURANTE;;;Tamponamento;Intersezione semaforizzata;Una carreggiata a senso unico di marcia;Asciutto;Asfaltata;Verticale ed orizzontale;Sereno;Scarso;Buona;Ore Diurne;1;0;0;1;;;-1;1;Autovettura privata;In marcia / fermata / arresto;Conducente;M;Rimandato;0;NON DECEDUTO;Non accertato;Inesploso
1732967;7;04/08/2007 05:30;Strada Urbana;VIALE PALMIRO TOGLIATTI;all'intersezione con;VIA CASTORE DURANTE;VIA CASTORE DURANTE;;;Tamponamento;Intersezione semaforizzata;Una carreggiata a senso unico di marcia;Asciutto;Asfaltata;Verticale ed orizzontale;Sereno;Scarso;Buona;Ore Diurne;1;0;0;1;;;-1;2;Autovettura privata;In marcia / fermata / arresto;Conducente;M;Illeso;0;;Non accertato;Inesploso
1732968;7;05/08/2007 00:20;Strada Urbana;VIA TOMMASO FORTIFIOCCA;all'intersezione con;VIA CARLO DENINA;VIA CARLO DENINA;;;Scontro frontale/laterale SX fra veicoli in marcia;Incrocio;Una carreggiata a doppio senso;Asciutto;Asfaltata;Verticale ed orizzontale;Sereno;Scarso;Buona;Sufficiente;2;0;0;0;;;-1;1;Autovettura privata;In marcia / fermata / arresto;Conducente;M;Rimandato;0;NON DECEDUTO;Non accertato;Esploso
1732968;7;05/08/2007 00:20;Strada Urbana;VIA TOMMASO FORTIFIOCCA;all'intersezione con;VIA CARLO DENINA;VIA CARLO DENINA;;;Scontro frontale/laterale SX fra veicoli in marcia;Incrocio;Una carreggiata a doppio senso;Asciutto;Asfaltata;Verticale ed orizzontale;Sereno;Scarso;Buona;Sufficiente;2;0;0;0;;;-1;2;Autovettura privata;In marcia / fermata / arresto;Conducente;M;Rimandato;0;NON DECEDUTO;Non accertato;Inesistente