Protocollo;Gruppo;DataOraIncidente;Localizzazione1;STRADA1;Localizzazione2;STRADA2;Strada02;Chilometrica;DaSpecificare;NaturaIncidente;particolaritastrade;TipoStrada;FondoStradale;Pavimentazione;Segnaletica;CondizioneAtmosferica;Traffico;Visibilita;Illuminazione;NUM_FERITI;NUM_RISERVATA;NUM_MORTI;NUM_ILLESI;Longitudine;Latitudine;Confermato;Progressivo;TipoVeicolo;StatoVeicolo;TipoPersona;Sesso;Tipolesione;Deceduto;DecedutoDopo;CinturaCascoUtilizzato;Airbag
1733350;1;08/08/2007 18:25;Strada Urbana;LARGO DELLE TERME DI CARACALLA;all'intersezione semaforizzata con;VIALE GUIDO BACCELLI;VIALE GUIDO BACCELLI;;;Infortunio per sola frenata improvvisa;Intersezione semaforizzata;Due carreggiate;Asciutto;Asfaltata;Verticale ed orizzontale;Nuvoloso;Normale;Buona;Ore Diurne;1;0;0;1;;;-1;2;Autovettura privata;In marcia / fermata / arresto;Conducente;M;Illeso;0;;Non accertato;Inesistente
1733351;1;08/08/2007 18:45;Strada Urbana;PIAZZA DEL POPOLO;in prossimità;;del civico n. ;19;;Scontro frontale/laterale SX fra veicoli in marcia;Curva a visuale libera;Una carreggiata a senso unico di marcia;Asciutto;In cubetti di porfido;Verticale;Sereno;Normale;Buona;Ore Diurne;1;0;0;1;;;-1;1;Autobus urbano;In marcia / fermata / arresto;Conducente;M;Illeso;0;;Non accertato;Inesistente
1733351;1;08/08/2007 18:45;Strada Urbana;PIAZZA DEL POPOLO;in prossimità;;del civico n. ;19;;Scontro frontale/laterale SX fra veicoli in marcia;Curva a visuale libera;Una carreggiata a senso unico di marcia;Asciutto;In cubetti di porfido;Verticale;Sereno;Normale;Buona;Ore Diurne;1;0;0;1;;;-1;2;Ciclomotore;In marcia / fermata / arresto;Conducente;M;Rifiuta cure immediate;0;NON DECEDUTO;Non accertato;Inesistente
1733352;1;08/08/2007 19:30;Strada Urbana;VIA MERULANA;in prossimità;;del civico n. ;173;;Tamponamento;Rettilineo;Una carreggiata a doppio senso;Asciutto;Asfaltata;Verticale ed orizzontale;Sereno;Normale;Sufficiente;Ore Diurne;0;0;0;3;;;-1;1;Autovettura privata;In marcia / fermata / arresto;Conducente;M;Illeso;0;;Non accertato;Inesistente
1733352;1;08/08/2007 19:30;Strada Urbana;VIA MERULANA;in prossimità;;del civico n. ;173;;Tamponamento;Rettilineo;Una carreggiata a doppio senso;Asciutto;Asfaltata;Verticale ed orizzontale;Sereno;Normale;Sufficiente;Ore Diurne;0;0;0;3;;;-1;2;Autovettura privata;In marcia / fermata / arresto;Conducente;M;Illeso;0;;Non accertato;Inesistente
1733352;1;08/08/2007 19:30;Strada Urbana;VIA MERULANA;in prossimità;;del civico n. ;173;;Tamponamento;Rettilineo;Una carreggiata a doppio senso;Asciutto;Asfaltata;Verticale ed orizzontale;Sereno;Normale;Sufficiente;Ore Diurne;0;0;0;3;;;-1;2;Autovettura privata;In marcia / fermata / arresto;Passeggero;F;Illeso;0;;Non accertato;Inesistente
1733353;1;09/08/2007 10:00;Strada Urbana;VIA DEI FORI IMPERIALI;in prossimità;;del palo luce n. ;33;;Scontro frontale/laterale SX fra veicoli in marcia;Rettilineo;Una carreggiata a doppio senso;Asciutto;Acciotolata;Verticale ed orizzontale;Sereno;Normale;Buona;Ore Diurne;0;0;0;2;;;-1;1;Motociclo a solo;In marcia / fermata / arresto;Conducente;M;Illeso;0;;Utilizzato;Inesistente
1733353;1;09/08/2007 10:00;Strada Urbana;VIA DEI FORI IMPERIALI;in prossimità;;del palo luce n. ;33;;Scontro frontale/laterale SX fra veicoli in marcia;Rettilineo;Una carreggiata a doppio senso;Asciutto;Acciotolata;Verticale ed orizzontale;Sereno;Normale;Buona;Ore Diurne;0;0;0;2;;;-1;2;Autovettura privata;In marcia / fermata / arresto;Conducente;M;Illeso;0;;Utilizzato;Inesistente
1733354;1;09/08/2007 10:15;Strada Urbana;VIA SISTINA;all'intersezione con;VIA FRANCESCO CRISPI;VIA FRANCESCO CRISPI;;;Veicolo in marcia contro ostacolo accidentale;Incrocio;Una carreggiata a senso unico di marcia;Asciutto;Acciotolata;Verticale ed orizzontale;Nuvoloso;Normale;Buona;Ore Diurne;0;0;0;2;;;-1;1;Motociclo a solo;In marcia / fermata / arresto;Conducente;M;Illeso;0;;Non accertato;Inesistente
1733354;1;09/08/2007 10:15;Strada Urbana;VIA SISTINA;all'intersezione con;VIA FRANCESCO CRISPI;VIA FRANCESCO CRISPI;;;Veicolo in marcia contro ostacolo accidentale;Incrocio;Una carreggiata a senso unico di marcia;Asciutto;Acciotolata;Verticale ed orizzontale;Nuvoloso;Normale;Buona;Ore Diurne;0;0;0;2;;;-1;2;Veicolo speciale;In marcia / fermata / arresto;Conducente;M;Illeso;0;;Non accertato;Inesistente
1733355;1;09/08/2007 14:15;Strada Urbana;PIAZZA BARBERINI;all'intersezione con;VIA BARBERINI;VIA BARBERINI;;;Investimento di pedone;Intersezione non regolata/non segnalata;Una carreggiata a senso unico di marcia;Asciutto;Asfaltata;Verticale ed orizzontale;Sereno;Scarso;Buona;Ore Diurne;1;0;0;1;;;-1;;;;Pedone;F;Rimandato;0;NON DECEDUTO;;
1733355;1;09/08/2007 14:15;Strada Urbana;PIAZZA BARBERINI;all'intersezione con;VIA BARBERINI;VIA BARBERINI;;;Investimento di pedone;Intersezione non regolata/non segnalata;Una carreggiata a senso unico di marcia;Asciutto;Asfaltata;Verticale ed orizzontale;Sereno;Scarso;Buona;Ore Diurne;1;0;0;1;;;-1;1;Autovettura privata;In marcia / fermata / arresto;Conducente;M;Illeso;0;;Utilizzato;Inesploso
1733356;1;09/08/2007 15:00;Strada Urbana;PIAZZA DI PORTA S. PAOLO;all'intersezione con;VIALE GIOTTO;VIALE GIOTTO;;;Scontro laterale fra veicoli in marcia;Incrocio;Una carreggiata a senso unico di marcia;Asciutto;In cubetti di porfido;Verticale ed orizzontale;Nuvoloso;Normale;Buona;Ore Diurne;0;0;0;2;;;-1;1;Autovettura privata;In marcia / fermata / arresto;Conducente;M;Illeso;0;;Non accertato;Inesistente
1733356;1;09/08/2007 15:00;Strada Urbana;PIAZZA DI PORTA S. PAOLO;all'intersezione con;VIALE GIOTTO;VIALE GIOTTO;;;Scontro laterale fra veicoli in marcia;Incrocio;Una carreggiata a senso unico di marcia;Asciutto;In cubetti di porfido;Verticale ed orizzontale;Nuvoloso;Normale;Buona;Ore Diurne;0;0;0;2;;;-1;2;Autovettura privata;In marcia / fermata / arresto;Conducente;F;Illeso;0;;Non accertato;Inesistente
1733357;10;08/08/2007 14:30;Statale entro l'abitato;VIA APPIA NUOVA;da specificare;;;;altezza  intersezione con Via Annia Regilla;Scontro frontale/laterale SX fra veicoli in marcia;Rettilineo;Due carreggiate;Asciutto;Asfaltata;Verticale ed orizzontale;Sereno;Normale;Buona;Ore Diurne;1;1;0;2;;;-1;1;Autovettura privata;In marcia / fermata / arresto;Conducente;F;Illeso;0;;Non accertato;Inesploso
1733357;10;08/08/2007 14:30;Statale entro l'abitato;VIA APPIA NUOVA;da specificare;;;;altezza  intersezione con Via Annia Regilla;Scontro frontale/laterale SX fra veicoli in marcia;Rettilineo;Due carreggiate;Asciutto;Asfaltata;Verticale ed orizzontale;Sereno;Normale;Buona;Ore Diurne;1;1;0;2;;;-1;1;Autovettura privata;In marcia / fermata / arresto;Passeggero;M;Illeso;0;;Non accertato;Inesploso
1733357;10;08/08/2007 14:30;Statale entro l'abitato;VIA APPIA NUOVA;da specificare;;;;altezza  intersezione con Via Annia Regilla;Scontro frontale/laterale SX fra veicoli in marcia;Rettilineo;Due carreggiate;Asciutto;Asfaltata;Verticale ed orizzontale;Sereno;Normale;Buona;Ore Diurne;1;1;0;2;;;-1;2;Motociclo con passeggero;In marcia / fermata / arresto;Conducente;M;Rimandato;0;NON DECEDUTO;Utilizzato;Inesistente
1733357;10;08/08/2007 14:30;Statale entro l'abitato;VIA APPIA NUOVA;da specificare;;;;altezza  intersezione con Via Annia Regilla;Scontro frontale/laterale SX fra veicoli in marcia;Rettilineo;Due carreggiate;Asciutto;Asfaltata;Verticale ed orizzontale;Sereno;Normale;Buona;Ore Diurne;1;1;0;2;;;-1;2;Motociclo con passeggero;In marcia / fermata / arresto;Passeggero;F;Prognosi riservata;0;NON DECEDUTO;Utilizzato;Inesistente
1733358;10;08/08/2007 17:25;Strada Urbana;VIA FILIPPO SERAFINI;all'intersezione con;VIA GIUSEPPE SAREDO;VIA GIUSEPPE SAREDO;;;Scontro frontale/laterale SX fra veicoli in marcia;Incrocio;Una carreggiata a senso unico di marcia;Asciutto;Asfaltata;Verticale ed orizzontale;Sereno;Normale;Buona;Ore Diurne;2;0;0;1;;;-1;1;Autobus urbano;In marcia / fermata / arresto;Conducente;M;Illeso;0;;Non accertato;Inesistente
1733358;10;08/08/2007 17:25;Strada Urbana;VIA FILIPPO SERAFINI;all'intersezione con;VIA GIUSEPPE SAREDO;VIA GIUSEPPE SAREDO;;;Scontro frontale/laterale SX fra veicoli in marcia;Incrocio;Una carreggiata a senso unico di marcia;Asciutto;Asfaltata;Verticale ed orizzontale;Sereno;Normale;Buona;Ore Diurne;2;0;0;1;;;-1;2;Autovettura privata;In marcia / fermata / arresto;Conducente;F;Rimandato;0;NON DECEDUTO;Utilizzato;Inesistente
1733358;10;08/08/2007 17:25;Strada Urbana;VIA FILIPPO SERAFINI;all'intersezione con;VIA GIUSEPPE SAREDO;VIA GIUSEPPE SAREDO;;;Scontro frontale/laterale SX fra veicoli in marcia;Incrocio;Una carreggiata a senso unico di marcia;Asciutto;Asfaltata;Verticale ed orizzontale;Sereno;Normale;Buona;Ore Diurne;2;0;0;1;;;-1;2;Autovettura privata;In marcia / fermata / arresto;Passeggero;F;Rimandato;0;NON DECEDUTO;Non accertato;Inesistente
1733359;10;08/08/2007 20:50;Strada Urbana;VIA DI CASAL MORENA;all'intersezione con;VIA CALLICRATE;VIA CALLICRATE;;;Scontro laterale fra veicoli in marcia;Incrocio;Una carreggiata a doppio senso;Asciutto;Asfaltata;Verticale;Sereno;Scarso;Buona;Sufficiente;1;0;0;0;;;-1;1;Motociclo a solo;In marcia / fermata / arresto;Conducente;M;Rimandato;0;NON DECEDUTO;Non accertato;Inesistente
1733360;10;08/08/2007 22:05;Statale entro l'abitato;VIA TUSCOLANA;all'intersezione con;VIA DEL QUADRARO;VIA DEL QUADRARO;;;Scontro frontale/laterale DX fra veicoli in marcia;Incrocio;Una carreggiata a senso unico di marcia;Asciutto;Asfaltata;Verticale ed orizzontale;Sereno;Normale;Sufficiente;Sufficiente;4;0;0;1;;;-1;;;;Pedone;M;Rimandato;0;NON DECEDUTO;;
1733360;10;08/08/2007 22:05;Statale entro l'abitato;VIA TUSCOLANA;all'intersezione con;VIA DEL QUADRARO;VIA DEL QUADRARO;;;Scontro frontale/laterale DX fra veicoli in marcia;Incrocio;Una carreggiata a senso unico di marcia;Asciutto;Asfaltata;Verticale ed orizzontale;Sereno;Normale;Sufficiente;Sufficiente;4;0;0;1;;;-1;;;;Pedone;M;Rimandato;0;NON DECEDUTO;;
1733360;10;08/08/2007 22:05;Statale entro l'abitato;VIA TUSCOLANA;all'intersezione con;VIA DEL QUADRARO;VIA DEL QUADRARO;;;Scontro frontale/laterale DX fra veicoli in marcia;Incrocio;Una carreggiata a senso unico di marcia;Asciutto;Asfaltata;Verticale ed orizzontale;Sereno;Normale;Sufficiente;Sufficiente;4;0;0;1;;;-1;1;Autovettura privata;In marcia / fermata / arresto;Conducente;M;Illeso;0;;Non accertato;Inesistente
1733360;10;08/08/2007 22:05;Statale entro l'abitato;VIA TUSCOLANA;all'intersezione con;VIA DEL QUADRARO;VIA DEL QUADRARO;;;Scontro frontale/laterale DX fra veicoli in marcia;Incrocio;Una carreggiata a senso unico di marcia;Asciutto;Asfaltata;Verticale ed orizzontale;Sereno;Normale;Sufficiente;Sufficiente;4;0;0;1;;;-1;2;Autovettura privata;In marcia / fermata / arresto;Conducente;M;Rimandato;0;NON DECEDUTO;Non accertato;Inesistente
1733360;10;08/08/2007 22:05;Statale entro l'abitato;VIA TUSCOLANA;all'intersezione con;VIA DEL QUADRARO;VIA DEL QUADRARO;;;Scontro frontale/laterale DX fra veicoli in marcia;Incrocio;Una carreggiata a senso unico di marcia;Asciutto;Asfaltata;Verticale ed orizzontale;Sereno;Normale;Sufficiente;Sufficiente;4;0;0;1;;;-1;2;Autovettura privata;In marcia / fermata / arresto;Passeggero;F;Rimandato;0;NON DECEDUTO;Non accertato;Inesistente
1733361;10;09/08/2007 02:00;Strada Urbana;VIA TUSCOLANA;in prossimità;;del civico n. ;740;;Infortunio per caduta del veicolo;Curva a visuale libera;Due carreggiate;Asciutto;Asfaltata;Verticale ed orizzontale;Nuvoloso;Scarso;Sufficiente;Sufficiente;1;0;0;0;;;-1;1;Motociclo a solo;In marcia / fermata / arresto;Conducente;M;Ricoverato;0;NON DECEDUTO;Non accertato;Inesistente
1733362;10;09/08/2007 15:10;Strada Urbana;VIA FRANCESCO DI BENEDETTO;all'intersezione con;VIA DOMENICO BACCARINI;VIA DOMENICO BACCARINI;;;Scontro frontale/laterale DX fra veicoli in marcia;Incrocio;Una carreggiata a doppio senso;Asciutto;Asfaltata;Assente;Sereno;Normale;Buona;Ore Diurne;0;0;0;4;;;-1;1;Autovettura pubblica;In marcia / fermata / arresto;Conducente;M;Illeso;0;;Non accertato;Inesploso
1733362;10;09/08/2007 15:10;Strada Urbana;VIA FRANCESCO DI BENEDETTO;all'intersezione con;VIA DOMENICO BACCARINI;VIA DOMENICO BACCARINI;;;Scontro frontale/laterale DX fra veicoli in marcia;Incrocio;Una carreggiata a doppio senso;Asciutto;Asfaltata;Assente;Sereno;Normale;Buona;Ore Diurne;0;0;0;4;;;-1;1;Autovettura pubblica;In marcia / fermata / arresto;Passeggero;F;Illeso;0;;Non accertato;Inesploso
1733362;10;09/08/2007 15:10;Strada Urbana;VIA FRANCESCO DI BENEDETTO;all'intersezione con;VIA DOMENICO BACCARINI;VIA DOMENICO BACCARINI;;;Scontro frontale/laterale DX fra veicoli in marcia;Incrocio;Una carreggiata a doppio senso;Asciutto;Asfaltata;Assente;Sereno;Normale;Buona;Ore Diurne;0;0;0;4;;;-1;1;Autovettura pubblica;In marcia / fermata / arresto;Passeggero;M;Illeso;0;;Non accertato;Inesistente
1733362;10;09/08/2007 15:10;Strada Urbana;VIA FRANCESCO DI BENEDETTO;all'intersezione con;VIA DOMENICO BACCARINI;VIA DOMENICO BACCARINI;;;Scontro frontale/laterale DX fra veicoli in marcia;Incrocio;Una carreggiata a doppio senso;Asciutto;Asfaltata;Assente;Sereno;Normale;Buona;Ore Diurne;0;0;0;4;;;-1;2;Autovettura privata;In marcia / fermata / arresto;Conducente;M;Illeso;0;;Non accertato;Inesistente
1733363;11;06/08/2007 02:00;Strada Urbana;VIA ANAGNINA;all'intersezione semaforizzata con;VIA GASPERINA;VIA GASPERINA;;;Tamponamento;Intersezione semaforizzata;Due carreggiate;Asciutto;Asfaltata;Verticale ed orizzontale;Sereno;Scarso;Sufficiente;Sufficiente;1;0;0;3;;;-1;1;Autovettura privata;In marcia / fermata / arresto;Conducente;M;Rimandato;0;NON DECEDUTO;Non accertato;Inesistente
1733363;11;06/08/2007 02:00;Strada Urbana;VIA ANAGNINA;all'intersezione semaforizzata con;VIA GASPERINA;VIA GASPERINA;;;Tamponamento;Intersezione semaforizzata;Due carreggiate;Asciutto;Asfaltata;Verticale ed orizzontale;Sereno;Scarso;Sufficiente;Sufficiente;1;0;0;3;;;-1;1;Autovettura privata;In marcia / fermata / arresto;Passeggero;M;Illeso;0;;Non accertato;Inesistente
1733363;11;06/08/2007 02:00;Strada Urbana;VIA ANAGNINA;all'intersezione semaforizzata con;VIA GASPERINA;VIA GASPERINA;;;Tamponamento;Intersezione semaforizzata;Due carreggiate;Asciutto;Asfaltata;Verticale ed orizzontale;Sereno;Scarso;Sufficiente;Sufficiente;1;0;0;3;;;-1;1;Autovettura privata;In marcia / fermata / arresto;Passeggero;M;Illeso;0;;Non accertato;Inesistente
1733363;11;06/08/2007 02:00;Strada Urbana;VIA ANAGNINA;all'intersezione semaforizzata con;VIA GASPERINA;VIA GASPERINA;;;Tamponamento;Intersezione semaforizzata;Due carreggiate;Asciutto;Asfaltata;Verticale ed orizzontale;Sereno;Scarso;Sufficiente;Sufficiente;1;0;0;3;;;-1;1;Autovettura privata;In marcia / fermata / arresto;Passeggero;M;Illeso;0;;Non accertato;Inesistente
1733364;12;03/08/2007 11:05;Strada Urbana;VIA DI CASTEL DI LEVA;in prossimità;;del civico n. ;108;;Tamponamento;Rettilineo;Una carreggiata a doppio senso;Asciutto;Asfaltata;Assente;Sereno;Normale;Buona;Ore Diurne;0;0;0;2;;;-1;1;Autovettura privata;In marcia / fermata / arresto;Conducente;M;Illeso;0;;Utilizzato;Inesistente
1733364;12;03/08/2007 11:05;Strada Urbana;VIA DI CASTEL DI LEVA;in prossimità;;del civico n. ;108;;Tamponamento;Rettilineo;Una carreggiata a doppio senso;Asciutto;Asfaltata;Assente;Sereno;Normale;Buona;Ore Diurne;0;0;0;2;;;-1;2;Autocarro inferiore 35 q.;In marcia / fermata / arresto;Conducente;M;Illeso;0;;Utilizzato;Inesistente
1733365;12;07/08/2007 22:20;Strada Urbana;VIA PAOLA DRIGO;in corrispondenza;;del civico n. ;9;;Veicolo in marcia contro veicolo in sosta;Rettilineo;Una carreggiata a doppio senso;Asciutto;Asfaltata;Verticale;Sereno;Scarso;Buona;Sufficiente;0;0;0;1;;;-1;1;Autovettura privata;In marcia / fermata / arresto;Conducente;M;Illeso;0;;Non accertato;Inesistente
1733367;12;09/08/2007 07:50;Strada Urbana;VIA MARIO CARUCCI;in corrispondenza;;del civico n. ;105;;Scontro frontale/laterale SX fra veicoli in marcia;Rettilineo;Una carreggiata a doppio senso;Asciutto;Asfaltata;Verticale ed orizzontale;Sereno;Scarso;Buona;Ore Diurne;2;0;0;0;;;-1;1;Motociclo a solo;In marcia / fermata / arresto;Conducente;M;Ricoverato;0;NON DECEDUTO;Utilizzato;Inesistente
1733367;12;09/08/2007 07:50;Strada Urbana;VIA MARIO CARUCCI;in corrispondenza;;del civico n. ;105;;Scontro frontale/laterale SX fra veicoli in marcia;Rettilineo;Una carreggiata a doppio senso;Asciutto;Asfaltata;Verticale ed orizzontale;Sereno;Scarso;Buona;Ore Diurne;2;0;0;0;;;-1;2;Autovettura privata;In marcia / fermata / arresto;Conducente;M;Rimandato;0;NON DECEDUTO;Utilizzato;Inesistente
1733368;12;09/08/2007 11:05;Strada Urbana;VIALE DEI CADUTI NELLA GUERRA DI LIBERAZ;in prossimità;;del civico n. ;76;;Tamponamento;Rettilineo;Una carreggiata a senso unico di marcia;Asciutto;Asfaltata;Verticale ed orizzontale;Sereno;Normale;Buona;Ore Diurne;1;0;0;1;;;-1;1;Autovettura privata;In marcia / fermata / arresto;Conducente;M;Illeso;0;;Utilizzato;Inesistente
1733368;12;09/08/2007 11:05;Strada Urbana;VIALE DEI CADUTI NELLA GUERRA DI LIBERAZ;in prossimità;;del civico n. ;76;;Tamponamento;Rettilineo;Una carreggiata a senso unico di marcia;Asciutto;Asfaltata;Verticale ed orizzontale;Sereno;Normale;Buona;Ore Diurne;1;0;0;1;;;-1;2;Ciclomotore;In marcia / fermata / arresto;Conducente;M;Rimandato;0;NON DECEDUTO;Utilizzato;Inesistente
1733369;12;09/08/2007 11:20;Strada Urbana;VIALE STEFANO GRADI;all'intersezione con;VIA ELIO LAMPRIDIO CERVA;VIA ELIO LAMPRIDIO CERVA;;;Scontro frontale/laterale DX fra veicoli in marcia;Incrocio;Due carreggiate;Asciutto;Asfaltata;Verticale ed orizzontale;Sereno;Normale;Buona;Ore Diurne;1;0;0;2;;;-1;1;Autovettura privata;In marcia / fermata / arresto;Conducente;F;Illeso;0;;Utilizzato;Inesistente
1733369;12;09/08/2007 11:20;Strada Urbana;VIALE STEFANO GRADI;all'intersezione con;VIA ELIO LAMPRIDIO CERVA;VIA ELIO LAMPRIDIO CERVA;;;Scontro frontale/laterale DX fra veicoli in marcia;Incrocio;Due carreggiate;Asciutto;Asfaltata;Verticale ed orizzontale;Sereno;Normale;Buona;Ore Diurne;1;0;0;2;;;-1;1;Autovettura privata;In marcia / fermata / arresto;Passeggero;M;Illeso;0;;Utilizzato;Inesistente
1733369;12;09/08/2007 11:20;Strada Urbana;VIALE STEFANO GRADI;all'intersezione con;VIA ELIO LAMPRIDIO CERVA;VIA ELIO LAMPRIDIO CERVA;;;Scontro frontale/laterale DX fra veicoli in marcia;Incrocio;Due carreggiate;Asciutto;Asfaltata;Verticale ed orizzontale;Sereno;Normale;Buona;Ore Diurne;1;0;0;2;;;-1;2;Autovettura privata;In marcia / fermata / arresto;Conducente;M;Rimandato;0;NON DECEDUTO;Utilizzato;Inesploso
1733370;13;09/08/2007 10:15;Strada Urbana;VIA CARLO MARENCO DI MORIONDO;all'intersezione con;VIA COSTANZO CASANA;VIA COSTANZO CASANA;;;Scontro frontale/laterale DX fra veicoli in marcia;Incrocio;Una carreggiata a doppio senso;Asciutto;Asfaltata;Assente;Sereno;Normale;Buona;Ore Diurne;3;0;0;1;;;-1;1;Autovettura privata;In marcia / fermata / arresto;Conducente;F;Rimandato;0;NON DECEDUTO;Non accertato;Inesistente
1733370;13;09/08/2007 10:15;Strada Urbana;VIA CARLO MARENCO DI MORIONDO;all'intersezione con;VIA COSTANZO CASANA;VIA COSTANZO CASANA;;;Scontro frontale/laterale DX fra veicoli in marcia;Incrocio;Una carreggiata a doppio senso;Asciutto;Asfaltata;Assente;Sereno;Normale;Buona;Ore Diurne;3;0;0;1;;;-1;1;Autovettura privata;In marcia / fermata / arresto;Passeggero;F;Rimandato;0;NON DECEDUTO;Non accertato;Inesistente
1733370;13;09/08/2007 10:15;Strada Urbana;VIA CARLO MARENCO DI MORIONDO;all'intersezione con;VIA COSTANZO CASANA;VIA COSTANZO CASANA;;;Scontro frontale/laterale DX fra veicoli in marcia;Incrocio;Una carreggiata a doppio senso;Asciutto;Asfaltata;Assente;Sereno;Normale;Buona;Ore Diurne;3;0;0;1;;;-1;2;Autovettura privata;In marcia / fermata / arresto;Conducente;M;Illeso;0;;Non accertato;Inesistente
1733370;13;09/08/2007 10:15;Strada Urbana;VIA CARLO MARENCO DI MORIONDO;all'intersezione con;VIA COSTANZO CASANA;VIA COSTANZO CASANA;;;Scontro frontale/laterale DX fra veicoli in marcia;Incrocio;Una carreggiata a doppio senso;Asciutto;Asfaltata;Assente;Sereno;Normale;Buona;Ore Diurne;3;0;0;1;;;-1;2;Autovettura privata;In marcia / fermata / arresto;Passeggero;F;Rifiuta cure immediate;0;NON DECEDUTO;Non accertato;Inesistente
1733372;13;09/08/2007 16:10;Strada Urbana;VIA DEI PESCATORI;in prossimità;;del civico n. ;130;;Infortunio per caduta del veicolo;Rettilineo;Una carreggiata a doppio senso;Asciutto;Asfaltata;Verticale ed orizzontale;Sereno;Normale;Buona;Ore Diurne;1;0;0;1;;;-1;1;Motociclo a solo;In marcia / fermata / arresto;Conducente;M;Rimandato;0;NON DECEDUTO;Non accertato;Inesploso
1733372;13;09/08/2007 16:10;Strada Urbana;VIA DEI PESCATORI;in prossimità;;del civico n. ;130;;Infortunio per caduta del veicolo;Rettilineo;Una carreggiata a doppio senso;Asciutto;Asfaltata;Verticale ed orizzontale;Sereno;Normale;Buona;Ore Diurne;1;0;0;1;;;-1;2;Autovettura privata;In marcia / fermata / arresto;Conducente;M;Illeso;0;;Non accertato;Inesploso
1733373;13;09/08/2007 18:55;Strada Urbana;PIAZZA REGINA PACIS;all'intersezione con;VIA VINCENZO VANNUTELLI;VIA VINCENZO VANNUTELLI;;;Scontro laterale fra veicoli in marcia;Incrocio;Una carreggiata a doppio senso;Asciutto;Asfaltata;Verticale ed orizzontale;Sereno;Normale;Buona;Ore Diurne;0;0;0;2;;;-1;1;Autovettura privata;In marcia / fermata / arresto;Conducente;F;Illeso;0;;Non accertato;Inesploso
1733373;13;09/08/2007 18:55;Strada Urbana;PIAZZA REGINA PACIS;all'intersezione con;VIA VINCENZO VANNUTELLI;VIA VINCENZO VANNUTELLI;;;Scontro laterale fra veicoli in marcia;Incrocio;Una carreggiata a doppio senso;Asciutto;Asfaltata;Verticale ed orizzontale;Sereno;Normale;Buona;Ore Diurne;0;0;0;2;;;-1;2;Motociclo a solo;In marcia / fermata / arresto;Conducente;M;Illeso;0;;Non accertato;Inesploso
1733374;13;10/08/2007 01:30;Strada Urbana;VIA ISOLE DEL CAPO VERDE;all'intersezione con;VIA CARLO MARENCO DI MORIONDO;VIA CARLO MARENCO DI MORIONDO;;;Scontro frontale/laterale DX fra veicoli in marcia;Incrocio;Due carreggiate;Asciutto;Asfaltata;Orizzontale;Sereno;Scarso;Buona;Sufficiente;2;0;0;1;;;-1;1;Autovettura privata;In marcia / fermata / arresto;Conducente;M;Illeso;0;;Non accertato;Inesploso
1733374;13;10/08/2007 01:30;Strada Urbana;VIA ISOLE DEL CAPO VERDE;all'intersezione con;VIA CARLO MARENCO DI MORIONDO;VIA CARLO MARENCO DI MORIONDO;;;Scontro frontale/laterale DX fra veicoli in marcia;Incrocio;Due carreggiate;Asciutto;Asfaltata;Orizzontale;Sereno;Scarso;Buona;Sufficiente;2;0;0;1;;;-1;2;Autovettura privata;In marcia / fermata / arresto;Conducente;M;Rimandato;0;NON DECEDUTO;Non accertato;Inesistente
1733374;13;10/08/2007 01:30;Strada Urbana;VIA ISOLE DEL CAPO VERDE;all'intersezione con;VIA CARLO MARENCO DI MORIONDO;VIA CARLO MARENCO DI MORIONDO;;;Scontro frontale/laterale DX fra veicoli in marcia;Incrocio;Due carreggiate;Asciutto;Asfaltata;Orizzontale;Sereno;Scarso;Buona;Sufficiente;2;0;0;1;;;-1;2;Autovettura privata;In marcia / fermata / arresto;Passeggero;F;Rimandato;0;NON DECEDUTO;Non accertato;Inesistente
1733376;18;08/08/2007 17:00;Strada Urbana;VIA DI BOCCEA;in prossimità;;del civico n. ;325;;Scontro laterale fra veicoli in marcia;Rettilineo;Due carreggiate;Asciutto;Asfaltata;Verticale ed orizzontale;Sereno;Normale;Buona;Ore Diurne;0;0;0;5;;;-1;1;Autovettura privata;In marcia / fermata / arresto;Conducente;M;Illeso;0;;Non accertato;Inesploso
1733376;18;08/08/2007 17:00;Strada Urbana;VIA DI BOCCEA;in prossimità;;del civico n. ;325;;Scontro laterale fra veicoli in marcia;Rettilineo;Due carreggiate;Asciutto;Asfaltata;Verticale ed orizzontale;Sereno;Normale;Buona;Ore Diurne;0;0;0;5;;;-1;1;Autovettura privata;In marcia / fermata / arresto;Passeggero;M;Illeso;0;;Non accertato;Inesistente
1733376;18;08/08/2007 17:00;Strada Urbana;VIA DI BOCCEA;in prossimità;;del civico n. ;325;;Scontro laterale fra veicoli in marcia;Rettilineo;Due carreggiate;Asciutto;Asfaltata;Verticale ed orizzontale;Sereno;Normale;Buona;Ore Diurne;0;0;0;5;;;-1;1;Autovettura privata;In marcia / fermata / arresto;Passeggero;F;Illeso;0;;Non accertato;Inesistente
1733376;18;08/08/2007 17:00;Strada Urbana;VIA DI BOCCEA;in prossimità;;del civico n. ;325;;Scontro laterale fra veicoli in marcia;Rettilineo;Due carreggiate;Asciutto;Asfaltata;Verticale ed orizzontale;Sereno;Normale;Buona;Ore Diurne;0;0;0;5;;;-1;1;Autovettura privata;In marcia / fermata / arresto;Passeggero;F;Illeso;0;;Non accertato;Inesistente