Protocollo;Gruppo;DataOraIncidente;Localizzazione1;STRADA1;Localizzazione2;STRADA2;Strada02;Chilometrica;DaSpecificare;NaturaIncidente;particolaritastrade;TipoStrada;FondoStradale;Pavimentazione;Segnaletica;CondizioneAtmosferica;Traffico;Visibilita;Illuminazione;NUM_FERITI;NUM_RISERVATA;NUM_MORTI;NUM_ILLESI;Longitudine;Latitudine;Confermato;Progressivo;TipoVeicolo;StatoVeicolo;TipoPersona;Sesso;Tipolesione;Deceduto;DecedutoDopo;CinturaCascoUtilizzato;Airbag
1733623;18;12/08/2007 16:20;Strada Urbana;PIAZZA PIO XI;in corrispondenza;;del civico n. ;78/A;;Scontro laterale fra veicoli in marcia;Rettilineo;Due carreggiate;Asciutto;Asfaltata;Verticale ed orizzontale;Sereno;Scarso;Buona;Ore Diurne;0;0;0;3;;;-1;1;Autovettura privata;In marcia / fermata / arresto;Passeggero;F;Illeso;0;;Non accertato;Inesistente
1733623;18;12/08/2007 16:20;Strada Urbana;PIAZZA PIO XI;in corrispondenza;;del civico n. ;78/A;;Scontro laterale fra veicoli in marcia;Rettilineo;Due carreggiate;Asciutto;Asfaltata;Verticale ed orizzontale;Sereno;Scarso;Buona;Ore Diurne;0;0;0;3;;;-1;2;Autovettura pubblica;In marcia / fermata / arresto;Conducente;M;Illeso;0;;Non accertato;Inesploso
1733624;19;11/08/2007 13:10;Strada Urbana;VIA SIMONETTA LANDUCCI TOSI;all'intersezione con;VIA CAMILLA RAVERA;VIA CAMILLA RAVERA;;;Scontro laterale fra veicoli in marcia;Incrocio;Una carreggiata a senso unico di marcia;Asciutto;Asfaltata;Verticale;Nuvoloso;Scarso;Sufficiente;Ore Diurne;0;0;0;3;;;-1;1;Autovettura privata;In marcia / fermata / arresto;Conducente;F;Illeso;0;;Non accertato;Inesistente
1733624;19;11/08/2007 13:10;Strada Urbana;VIA SIMONETTA LANDUCCI TOSI;all'intersezione con;VIA CAMILLA RAVERA;VIA CAMILLA RAVERA;;;Scontro laterale fra veicoli in marcia;Incrocio;Una carreggiata a senso unico di marcia;Asciutto;Asfaltata;Verticale;Nuvoloso;Scarso;Sufficiente;Ore Diurne;0;0;0;3;;;-1;2;Autovettura privata;In marcia / fermata / arresto;Conducente;F;Illeso;0;;Non accertato;Inesistente
1733624;19;11/08/2007 13:10;Strada Urbana;VIA SIMONETTA LANDUCCI TOSI;all'intersezione con;VIA CAMILLA RAVERA;VIA CAMILLA RAVERA;;;Scontro laterale fra veicoli in marcia;Incrocio;Una carreggiata a senso unico di marcia;Asciutto;Asfaltata;Verticale;Nuvoloso;Scarso;Sufficiente;Ore Diurne;0;0;0;3;;;-1;2;Autovettura privata;In marcia / fermata / arresto;Passeggero;F;Illeso;0;;Non accertato;Inesistente
1733625;19;09/08/2007 15:12;Strada Urbana;VIA DELLA PINETA SACCHETTI;da specificare;;;;prossimità fronte civico 145;Infortunio per caduta del veicolo;Curva a visuale libera;Due carreggiate;Asciutto;Asfaltata;Orizzontale;Nuvoloso;Scarso;Buona;Ore Diurne;0;0;1;0;;;-1;1;Motociclo con passeggero;In marcia / fermata / arresto;Conducente;M;Deceduto sul posto;-1;;Utilizzato;Inesistente
1733626;19;11/08/2007 23:45;Strada Urbana;VIA DELLA LUCCHINA;in corrispondenza;;del civico n. ;63;;Veicolo in marcia contro ostacolo fisso;Rettilineo;Una carreggiata a senso unico di marcia;Asciutto;Asfaltata;Assente;Sereno;Scarso;Buona;Sufficiente;0;0;0;1;;;-1;1;Autovettura privata;In marcia / fermata / arresto;Conducente;M;Illeso;0;;Non accertato;Inesistente
1733627;19;12/08/2007 02:15;Strada Urbana;GALLERIA GIOVANNI XXIII;da specificare;;;;rampa entrata A. S. Giuliano direz. P. Sacchetti;Scontro frontale/laterale DX fra veicoli in marcia;Curva senza visuale libera;Una carreggiata a senso unico di marcia;Asciutto;Asfaltata;Orizzontale;Sereno;Scarso;Buona;Sufficiente;0;0;0;3;;;-1;1;Autovettura privata;In marcia / fermata / arresto;Conducente;M;Illeso;0;;Non accertato;Inesistente
1733627;19;12/08/2007 02:15;Strada Urbana;GALLERIA GIOVANNI XXIII;da specificare;;;;rampa entrata A. S. Giuliano direz. P. Sacchetti;Scontro frontale/laterale DX fra veicoli in marcia;Curva senza visuale libera;Una carreggiata a senso unico di marcia;Asciutto;Asfaltata;Orizzontale;Sereno;Scarso;Buona;Sufficiente;0;0;0;3;;;-1;1;Autovettura privata;In marcia / fermata / arresto;Passeggero;M;Illeso;0;;Non accertato;Inesistente
1733628;19;13/08/2007 00:05;Strada Urbana;VIA VINCENZO TROYA;in corrispondenza;;del civico n. ;19;;Veicolo in marcia contro veicolo fermo;Rettilineo;Una carreggiata a senso unico di marcia;Asciutto;Asfaltata;Assente;Sereno;Scarso;Buona;Sufficiente;0;1;0;0;;;-1;2;Autovettura privata;In marcia / fermata / arresto;Conducente;M;Prognosi riservata;0;NON DECEDUTO;Non accertato;Inesistente
1733629;19;13/08/2007 09:45;Strada Urbana;VIA BENEDETTO BACCHINI;da specificare;;;;prima curva a salire direz. Casal del Marmo;Scontro laterale fra veicoli in marcia;Curva a visuale libera;Una carreggiata a doppio senso;Asciutto;Asfaltata;Orizzontale;Sereno;Scarso;Buona;Ore Diurne;0;0;0;2;;;-1;1;Autovettura privata;In marcia / fermata / arresto;Conducente;M;Illeso;0;;Non accertato;Inesistente
1733629;19;13/08/2007 09:45;Strada Urbana;VIA BENEDETTO BACCHINI;da specificare;;;;prima curva a salire direz. Casal del Marmo;Scontro laterale fra veicoli in marcia;Curva a visuale libera;Una carreggiata a doppio senso;Asciutto;Asfaltata;Orizzontale;Sereno;Scarso;Buona;Ore Diurne;0;0;0;2;;;-1;2;Ciclomotore;In marcia / fermata / arresto;Conducente;M;Illeso;0;;Non accertato;Inesistente
1733630;23;04/08/2007 16:00;Strada Urbana;VIA DEL CANALE DELLA LINGUA;all'intersezione semaforizzata con;VIA CRISTOFORO COLOMBO;VIA CRISTOFORO COLOMBO;;;Tamponamento;Intersezione semaforizzata;Più di due carreggiate;Asciutto;Asfaltata;Verticale ed orizzontale;Sereno;Normale;Buona;Ore Diurne;0;0;0;2;;;-1;1;Autocarro superiore 35 q.;In marcia / fermata / arresto;Conducente;M;Illeso;0;;Utilizzato;Inesploso
1733630;23;04/08/2007 16:00;Strada Urbana;VIA DEL CANALE DELLA LINGUA;all'intersezione semaforizzata con;VIA CRISTOFORO COLOMBO;VIA CRISTOFORO COLOMBO;;;Tamponamento;Intersezione semaforizzata;Più di due carreggiate;Asciutto;Asfaltata;Verticale ed orizzontale;Sereno;Normale;Buona;Ore Diurne;0;0;0;2;;;-1;2;Autovettura privata;In marcia / fermata / arresto;Conducente;M;Illeso;0;;Utilizzato;Inesistente
1733631;23;07/08/2007 08:55;Comunale extraurbana;VIA CRISTOFORO COLOMBO;in prossimità;;della chilometrica ;19,4;;Scontro laterale fra veicoli in marcia;Rettilineo;Due carreggiate;Asciutto;Asfaltata;Verticale ed orizzontale;Sereno;Scarso;Buona;Ore Diurne;1;0;0;1;;;-1;1;Autovettura privata;In marcia / fermata / arresto;Conducente;M;Illeso;0;;Utilizzato;Inesistente
1733631;23;07/08/2007 08:55;Comunale extraurbana;VIA CRISTOFORO COLOMBO;in prossimità;;della chilometrica ;19,4;;Scontro laterale fra veicoli in marcia;Rettilineo;Due carreggiate;Asciutto;Asfaltata;Verticale ed orizzontale;Sereno;Scarso;Buona;Ore Diurne;1;0;0;1;;;-1;2;Motociclo a solo;In marcia / fermata / arresto;Conducente;M;Rifiuta cure immediate;0;NON DECEDUTO;Utilizzato;Inesistente
1733633;23;09/08/2007 19:45;Strada Urbana;VIA CRISTOFORO COLOMBO;all'intersezione con;VIA VINCENZO DAVICO;VIA VINCENZO DAVICO;;;Scontro laterale fra veicoli in marcia;Intersezione stradale segnalata;Più di due carreggiate;Asciutto;Asfaltata;Verticale ed orizzontale;Sereno;Normale;Buona;Ore Diurne;0;0;0;3;;;-1;1;Autovettura privata;In marcia / fermata / arresto;Conducente;F;Illeso;0;;Utilizzato;Inesistente
1733633;23;09/08/2007 19:45;Strada Urbana;VIA CRISTOFORO COLOMBO;all'intersezione con;VIA VINCENZO DAVICO;VIA VINCENZO DAVICO;;;Scontro laterale fra veicoli in marcia;Intersezione stradale segnalata;Più di due carreggiate;Asciutto;Asfaltata;Verticale ed orizzontale;Sereno;Normale;Buona;Ore Diurne;0;0;0;3;;;-1;2;Autovettura privata;In marcia / fermata / arresto;Conducente;M;Illeso;0;;Utilizzato;Inesistente
1733633;23;09/08/2007 19:45;Strada Urbana;VIA CRISTOFORO COLOMBO;all'intersezione con;VIA VINCENZO DAVICO;VIA VINCENZO DAVICO;;;Scontro laterale fra veicoli in marcia;Intersezione stradale segnalata;Più di due carreggiate;Asciutto;Asfaltata;Verticale ed orizzontale;Sereno;Normale;Buona;Ore Diurne;0;0;0;3;;;-1;2;Autovettura privata;In marcia / fermata / arresto;Passeggero;F;Illeso;0;;Non accertato;Inesistente
1733634;1;10/08/2007 14:15;Strada Urbana;VIA MONTEBELLO;in prossimità;;del civico n. ;124;;Scontro laterale fra veicoli in marcia;Rettilineo;Una carreggiata a doppio senso;Bagnato (pioggia);In cubetti di porfido;Verticale ed orizzontale;Nuvoloso;Scarso;Buona;Ore Diurne;0;0;0;4;;;-1;1;Autovettura di polizia;In marcia / fermata / arresto;Conducente;M;Illeso;0;;Non accertato;Inesistente
1733634;1;10/08/2007 14:15;Strada Urbana;VIA MONTEBELLO;in prossimità;;del civico n. ;124;;Scontro laterale fra veicoli in marcia;Rettilineo;Una carreggiata a doppio senso;Bagnato (pioggia);In cubetti di porfido;Verticale ed orizzontale;Nuvoloso;Scarso;Buona;Ore Diurne;0;0;0;4;;;-1;1;Autovettura di polizia;In marcia / fermata / arresto;Passeggero;M;Illeso;0;;Non accertato;Inesistente
1733634;1;10/08/2007 14:15;Strada Urbana;VIA MONTEBELLO;in prossimità;;del civico n. ;124;;Scontro laterale fra veicoli in marcia;Rettilineo;Una carreggiata a doppio senso;Bagnato (pioggia);In cubetti di porfido;Verticale ed orizzontale;Nuvoloso;Scarso;Buona;Ore Diurne;0;0;0;4;;;-1;1;Autovettura di polizia;In marcia / fermata / arresto;Passeggero;M;Illeso;0;;Non accertato;Inesistente
1733634;1;10/08/2007 14:15;Strada Urbana;VIA MONTEBELLO;in prossimità;;del civico n. ;124;;Scontro laterale fra veicoli in marcia;Rettilineo;Una carreggiata a doppio senso;Bagnato (pioggia);In cubetti di porfido;Verticale ed orizzontale;Nuvoloso;Scarso;Buona;Ore Diurne;0;0;0;4;;;-1;2;Autovettura privata;In marcia / fermata / arresto;Conducente;M;Illeso;0;;Non accertato;Inesistente
1733635;1;10/08/2007 17:50;Strada Urbana;VIA ACCIAIOLI;all'intersezione semaforizzata con;LUNGOTEVERE DEI FIORENTINI;LUNGOTEVERE DEI FIORENTINI;;;Scontro laterale fra veicoli in marcia;Intersezione semaforizzata;Una carreggiata a senso unico di marcia;Asciutto;Asfaltata;Verticale;Nuvoloso;Normale;Sufficiente;Ore Diurne;1;0;0;2;;;-1;1;Motociclo a solo;In marcia / fermata / arresto;Conducente;M;Rifiuta cure immediate;0;NON DECEDUTO;Utilizzato;Inesistente
1733635;1;10/08/2007 17:50;Strada Urbana;VIA ACCIAIOLI;all'intersezione semaforizzata con;LUNGOTEVERE DEI FIORENTINI;LUNGOTEVERE DEI FIORENTINI;;;Scontro laterale fra veicoli in marcia;Intersezione semaforizzata;Una carreggiata a senso unico di marcia;Asciutto;Asfaltata;Verticale;Nuvoloso;Normale;Sufficiente;Ore Diurne;1;0;0;2;;;-1;2;Autovettura privata;In marcia / fermata / arresto;Conducente;M;Illeso;0;;Non accertato;Inesistente
1733635;1;10/08/2007 17:50;Strada Urbana;VIA ACCIAIOLI;all'intersezione semaforizzata con;LUNGOTEVERE DEI FIORENTINI;LUNGOTEVERE DEI FIORENTINI;;;Scontro laterale fra veicoli in marcia;Intersezione semaforizzata;Una carreggiata a senso unico di marcia;Asciutto;Asfaltata;Verticale;Nuvoloso;Normale;Sufficiente;Ore Diurne;1;0;0;2;;;-1;2;Autovettura privata;In marcia / fermata / arresto;Passeggero;F;Illeso;0;;Non accertato;Inesistente
1733636;1;10/08/2007 19:30;Strada Urbana;VIALE DELLA PIRAMIDE CESTIA;in prossimità;;del civico n. ;43;;Veicolo in marcia contro veicolo in sosta;Rettilineo;Più di due carreggiate;Asciutto;Acciotolata;Verticale ed orizzontale;Nuvoloso;Scarso;Sufficiente;Ore Diurne;0;0;0;1;;;-1;1;Autovettura privata;In marcia / fermata / arresto;Conducente;F;Illeso;0;;Utilizzato;Inesploso
1733637;1;12/08/2007 05:15;Strada Urbana;LUNGOTEVERE RAFFAELLO SANZIO;in prossimità;;del civico n. ;1;;Scontro laterale fra veicoli in marcia;Rettilineo;Una carreggiata a senso unico di marcia;Asciutto;Asfaltata;Verticale ed orizzontale;Sereno;Scarso;Sufficiente;Sufficiente;1;0;0;0;;;-1;1;Ciclomotore;In marcia / fermata / arresto;Conducente;M;Rimandato;0;NON DECEDUTO;Non accertato;Inesistente
1733638;1;13/08/2007 01:50;Strada Urbana;VIA ARENULA;all'intersezione con;LUNGOTEVERE DEI VALLATI;LUNGOTEVERE DEI VALLATI;;;Scontro frontale/laterale SX fra veicoli in marcia;Incrocio;Una carreggiata a senso unico di marcia;Asciutto;Asfaltata;Verticale ed orizzontale;Sereno;Scarso;Sufficiente;Sufficiente;3;0;0;1;;;-1;1;Autovettura privata;In marcia / fermata / arresto;Conducente;F;Rifiuta cure immediate;0;NON DECEDUTO;Non accertato;Inesistente
1733638;1;13/08/2007 01:50;Strada Urbana;VIA ARENULA;all'intersezione con;LUNGOTEVERE DEI VALLATI;LUNGOTEVERE DEI VALLATI;;;Scontro frontale/laterale SX fra veicoli in marcia;Incrocio;Una carreggiata a senso unico di marcia;Asciutto;Asfaltata;Verticale ed orizzontale;Sereno;Scarso;Sufficiente;Sufficiente;3;0;0;1;;;-1;1;Autovettura privata;In marcia / fermata / arresto;Passeggero;M;Illeso;0;;Non accertato;Inesistente
1733638;1;13/08/2007 01:50;Strada Urbana;VIA ARENULA;all'intersezione con;LUNGOTEVERE DEI VALLATI;LUNGOTEVERE DEI VALLATI;;;Scontro frontale/laterale SX fra veicoli in marcia;Incrocio;Una carreggiata a senso unico di marcia;Asciutto;Asfaltata;Verticale ed orizzontale;Sereno;Scarso;Sufficiente;Sufficiente;3;0;0;1;;;-1;2;Motociclo con passeggero;In marcia / fermata / arresto;Conducente;M;Rimandato;0;NON DECEDUTO;Non accertato;Inesistente
1733638;1;13/08/2007 01:50;Strada Urbana;VIA ARENULA;all'intersezione con;LUNGOTEVERE DEI VALLATI;LUNGOTEVERE DEI VALLATI;;;Scontro frontale/laterale SX fra veicoli in marcia;Incrocio;Una carreggiata a senso unico di marcia;Asciutto;Asfaltata;Verticale ed orizzontale;Sereno;Scarso;Sufficiente;Sufficiente;3;0;0;1;;;-1;2;Motociclo con passeggero;In marcia / fermata / arresto;Passeggero;F;Ricoverato;0;NON DECEDUTO;Non accertato;Inesistente
1733639;11;06/08/2007 09:40;Strada Urbana;VIA SILVIO D'AMICO;all'intersezione semaforizzata con;VIA GASPARE GOZZI;VIA GASPARE GOZZI;;;Scontro frontale/laterale SX fra veicoli in marcia;Intersezione semaforizzata;Due carreggiate;Asciutto;Asfaltata;Verticale ed orizzontale;Sereno;Normale;Buona;Ore Diurne;1;0;0;2;;;-1;1;Autovettura privata;In marcia / fermata / arresto;Conducente;M;Illeso;0;;Non accertato;Inesploso
1733639;11;06/08/2007 09:40;Strada Urbana;VIA SILVIO D'AMICO;all'intersezione semaforizzata con;VIA GASPARE GOZZI;VIA GASPARE GOZZI;;;Scontro frontale/laterale SX fra veicoli in marcia;Intersezione semaforizzata;Due carreggiate;Asciutto;Asfaltata;Verticale ed orizzontale;Sereno;Normale;Buona;Ore Diurne;1;0;0;2;;;-1;1;Autovettura privata;In marcia / fermata / arresto;Passeggero;F;Illeso;0;;Non accertato;Inesistente
1733639;11;06/08/2007 09:40;Strada Urbana;VIA SILVIO D'AMICO;all'intersezione semaforizzata con;VIA GASPARE GOZZI;VIA GASPARE GOZZI;;;Scontro frontale/laterale SX fra veicoli in marcia;Intersezione semaforizzata;Due carreggiate;Asciutto;Asfaltata;Verticale ed orizzontale;Sereno;Normale;Buona;Ore Diurne;1;0;0;2;;;-1;2;Autovettura privata;In marcia / fermata / arresto;Conducente;F;Rimandato;0;NON DECEDUTO;Non accertato;Inesploso
1733640;11;06/08/2007 12:15;Strada Urbana;VIA ADELAIDE BONO CAIROLI;in corrispondenza;;del civico n. ;35;;Veicolo in marcia contro veicolo in sosta;Rettilineo;Una carreggiata a senso unico di marcia;Asciutto;Asfaltata;Verticale ed orizzontale;Sereno;Scarso;Buona;Ore Diurne;1;0;0;0;;;-1;1;Velocipede;In marcia / fermata / arresto;Conducente;M;Ricoverato;0;NON DECEDUTO;Non accertato;Inesistente
1733642;11;14/08/2007 07:15;Strada Urbana;VIA MARIO BIANCHINI;da specificare;;;;in prossimita di via T. Maestrelli;Infortunio per caduta del veicolo;Curva senza visuale libera;Una carreggiata a doppio senso;Bagnato (umidità in atto);Asfaltata;Orizzontale;Sereno;Scarso;Buona;Ore Diurne;1;0;0;2;;;-1;1;Motociclo a solo;In marcia / fermata / arresto;Conducente;M;Rimandato;0;NON DECEDUTO;Utilizzato;Inesistente
1733642;11;14/08/2007 07:15;Strada Urbana;VIA MARIO BIANCHINI;da specificare;;;;in prossimita di via T. Maestrelli;Infortunio per caduta del veicolo;Curva senza visuale libera;Una carreggiata a doppio senso;Bagnato (umidità in atto);Asfaltata;Orizzontale;Sereno;Scarso;Buona;Ore Diurne;1;0;0;2;;;-1;2;Veicolo speciale;In marcia / fermata / arresto;Conducente;M;Illeso;0;;Non accertato;Inesistente
1733642;11;14/08/2007 07:15;Strada Urbana;VIA MARIO BIANCHINI;da specificare;;;;in prossimita di via T. Maestrelli;Infortunio per caduta del veicolo;Curva senza visuale libera;Una carreggiata a doppio senso;Bagnato (umidità in atto);Asfaltata;Orizzontale;Sereno;Scarso;Buona;Ore Diurne;1;0;0;2;;;-1;2;Veicolo speciale;In marcia / fermata / arresto;Passeggero;F;Illeso;0;;Non accertato;Inesistente
1733644;12;09/08/2007 16:00;Strada Urbana;VIA LAURENTINA;all'intersezione con;VIA BRUNO DE FINETTI;VIA BRUNO DE FINETTI;;;Scontro frontale/laterale DX fra veicoli in marcia;Incrocio;Una carreggiata a doppio senso;Asciutto;Asfaltata;Orizzontale;Sereno;Normale;Buona;Ore Diurne;0;0;0;3;;;-1;1;Autovettura privata;In marcia / fermata / arresto;Conducente;F;Illeso;0;;Non accertato;Inesploso
1733644;12;09/08/2007 16:00;Strada Urbana;VIA LAURENTINA;all'intersezione con;VIA BRUNO DE FINETTI;VIA BRUNO DE FINETTI;;;Scontro frontale/laterale DX fra veicoli in marcia;Incrocio;Una carreggiata a doppio senso;Asciutto;Asfaltata;Orizzontale;Sereno;Normale;Buona;Ore Diurne;0;0;0;3;;;-1;1;Autovettura privata;In marcia / fermata / arresto;Passeggero;F;Illeso;0;;Non accertato;Inesploso
1733644;12;09/08/2007 16:00;Strada Urbana;VIA LAURENTINA;all'intersezione con;VIA BRUNO DE FINETTI;VIA BRUNO DE FINETTI;;;Scontro frontale/laterale DX fra veicoli in marcia;Incrocio;Una carreggiata a doppio senso;Asciutto;Asfaltata;Orizzontale;Sereno;Normale;Buona;Ore Diurne;0;0;0;3;;;-1;2;Autocarro inferiore 35 q.;In marcia / fermata / arresto;Conducente;M;Illeso;0;;Non accertato;Inesistente
1733645;12;09/08/2007 13:50;Strada Urbana;VIA CRISTOFORO COLOMBO;all'intersezione con;VIALE DELL'UMANESIMO;VIALE DELL'UMANESIMO;;;Scontro frontale/laterale DX fra veicoli in marcia;Incrocio;Una carreggiata a senso unico di marcia;Asciutto;Asfaltata;Verticale ed orizzontale;Sereno;Normale;Buona;Ore Diurne;1;0;0;1;;;-1;1;Autovettura privata;In marcia / fermata / arresto;Conducente;M;Illeso;0;;Utilizzato;Inesistente
1733645;12;09/08/2007 13:50;Strada Urbana;VIA CRISTOFORO COLOMBO;all'intersezione con;VIALE DELL'UMANESIMO;VIALE DELL'UMANESIMO;;;Scontro frontale/laterale DX fra veicoli in marcia;Incrocio;Una carreggiata a senso unico di marcia;Asciutto;Asfaltata;Verticale ed orizzontale;Sereno;Normale;Buona;Ore Diurne;1;0;0;1;;;-1;2;Motociclo a solo;In marcia / fermata / arresto;Conducente;M;Rimandato;0;NON DECEDUTO;Utilizzato;Inesistente
1733646;12;09/08/2007 18:00;Provinciale;VIA LAURENTINA;in prossimità;;del civico n. ;1300;;Veicolo in marcia contro veicolo in sosta;Rettilineo;Una carreggiata a doppio senso;Asciutto;Asfaltata;Assente;Sereno;Normale;Buona;Ore Diurne;0;0;0;1;;;-1;1;Autovettura privata;In marcia / fermata / arresto;Conducente;F;Illeso;0;;Utilizzato;Inesploso
1733647;12;13/08/2007 09:20;Strada Urbana;VIALE AMERICA;all'intersezione semaforizzata con;VIA CRISTOFORO COLOMBO;VIA CRISTOFORO COLOMBO;;;Scontro laterale fra veicoli in marcia;Intersezione semaforizzata;Una carreggiata a doppio senso;Asciutto;Asfaltata;Verticale ed orizzontale;Nuvoloso;Normale;Buona;Ore Diurne;0;0;0;2;;;-1;1;Autovettura privata;In marcia / fermata / arresto;Conducente;F;Illeso;0;;Utilizzato;Inesploso
1733647;12;13/08/2007 09:20;Strada Urbana;VIALE AMERICA;all'intersezione semaforizzata con;VIA CRISTOFORO COLOMBO;VIA CRISTOFORO COLOMBO;;;Scontro laterale fra veicoli in marcia;Intersezione semaforizzata;Una carreggiata a doppio senso;Asciutto;Asfaltata;Verticale ed orizzontale;Nuvoloso;Normale;Buona;Ore Diurne;0;0;0;2;;;-1;2;Autovettura privata;In marcia / fermata / arresto;Conducente;M;Illeso;0;;Utilizzato;Inesistente
1733648;13;13/08/2007 18:15;Strada Urbana;LARGO DELLE SIRENE;all'intersezione con;VIA DELLE SIRENE;VIA DELLE SIRENE;;;Infortunio per caduta del veicolo;Incrocio;Una carreggiata a doppio senso;Asciutto;Asfaltata;Verticale ed orizzontale;Sereno;Scarso;Buona;Ore Diurne;0;0;0;3;;;-1;1;Motociclo a solo;In marcia / fermata / arresto;Conducente;M;Illeso;0;;Non accertato;Inesploso
1733648;13;13/08/2007 18:15;Strada Urbana;LARGO DELLE SIRENE;all'intersezione con;VIA DELLE SIRENE;VIA DELLE SIRENE;;;Infortunio per caduta del veicolo;Incrocio;Una carreggiata a doppio senso;Asciutto;Asfaltata;Verticale ed orizzontale;Sereno;Scarso;Buona;Ore Diurne;0;0;0;3;;;-1;2;Autovettura privata;In marcia / fermata / arresto;Conducente;M;Illeso;0;;Non accertato;Inesploso
1733648;13;13/08/2007 18:15;Strada Urbana;LARGO DELLE SIRENE;all'intersezione con;VIA DELLE SIRENE;VIA DELLE SIRENE;;;Infortunio per caduta del veicolo;Incrocio;Una carreggiata a doppio senso;Asciutto;Asfaltata;Verticale ed orizzontale;Sereno;Scarso;Buona;Ore Diurne;0;0;0;3;;;-1;2;Autovettura privata;In marcia / fermata / arresto;Passeggero;F;Illeso;0;;Non accertato;Inesploso
1733649;13;13/08/2007 21:40;Strada Urbana;VIALE DELLA VITTORIA;all'intersezione semaforizzata con;VIALE CAPITAN CASELLA;VIALE CAPITAN CASELLA;;;Scontro frontale/laterale SX fra veicoli in marcia;Intersezione semaforizzata;Due carreggiate;Asciutto;Asfaltata;Orizzontale;Sereno;Scarso;Sufficiente;Sufficiente;1;0;0;1;;;-1;1;Autovettura privata;In marcia / fermata / arresto;Conducente;M;Rimandato;0;NON DECEDUTO;Non accertato;Inesploso
1733649;13;13/08/2007 21:40;Strada Urbana;VIALE DELLA VITTORIA;all'intersezione semaforizzata con;VIALE CAPITAN CASELLA;VIALE CAPITAN CASELLA;;;Scontro frontale/laterale SX fra veicoli in marcia;Intersezione semaforizzata;Due carreggiate;Asciutto;Asfaltata;Orizzontale;Sereno;Scarso;Sufficiente;Sufficiente;1;0;0;1;;;-1;2;Autobus urbano;In marcia / fermata / arresto;Conducente;M;Illeso;0;;Non accertato;Inesploso
1733650;15;13/08/2007 18:25;Strada Urbana;VIA ODERISI DA GUBBIO;in prossimità;;del civico n. ;51;;Veicolo in marcia contro veicolo arresto;Rettilineo;Una carreggiata a doppio senso;Asciutto;Asfaltata;Verticale ed orizzontale;Sereno;Normale;Buona;Ore Diurne;0;0;0;4;;;-1;1;Autovettura privata;In marcia / fermata / arresto;Conducente;M;Illeso;0;;Utilizzato;Inesistente
1733650;15;13/08/2007 18:25;Strada Urbana;VIA ODERISI DA GUBBIO;in prossimità;;del civico n. ;51;;Veicolo in marcia contro veicolo arresto;Rettilineo;Una carreggiata a doppio senso;Asciutto;Asfaltata;Verticale ed orizzontale;Sereno;Normale;Buona;Ore Diurne;0;0;0;4;;;-1;1;Autovettura privata;In marcia / fermata / arresto;Passeggero;F;Illeso;0;;Utilizzato;Inesistente
1733650;15;13/08/2007 18:25;Strada Urbana;VIA ODERISI DA GUBBIO;in prossimità;;del civico n. ;51;;Veicolo in marcia contro veicolo arresto;Rettilineo;Una carreggiata a doppio senso;Asciutto;Asfaltata;Verticale ed orizzontale;Sereno;Normale;Buona;Ore Diurne;0;0;0;4;;;-1;2;Autovettura privata;In marcia / fermata / arresto;Conducente;F;Illeso;0;;Utilizzato;Inesistente
1733650;15;13/08/2007 18:25;Strada Urbana;VIA ODERISI DA GUBBIO;in prossimità;;del civico n. ;51;;Veicolo in marcia contro veicolo arresto;Rettilineo;Una carreggiata a doppio senso;Asciutto;Asfaltata;Verticale ed orizzontale;Sereno;Normale;Buona;Ore Diurne;0;0;0;4;;;-1;2;Autovettura privata;In marcia / fermata / arresto;Passeggero;M;Illeso;0;;Utilizzato;Inesistente
1733651;15;13/08/2007 19:30;Strada Urbana;VIA GIOVANNI VOLPATO;in corrispondenza;;del civico n. ;20;;Scontro laterale fra veicoli in marcia;Rettilineo;Due carreggiate;Asciutto;Asfaltata;Verticale ed orizzontale;Sereno;Normale;Buona;Ore Diurne;1;0;0;2;;;-1;1;Motociclo a solo;In marcia / fermata / arresto;Conducente;F;Rimandato;0;NON DECEDUTO;Utilizzato;Inesistente
1733651;15;13/08/2007 19:30;Strada Urbana;VIA GIOVANNI VOLPATO;in corrispondenza;;del civico n. ;20;;Scontro laterale fra veicoli in marcia;Rettilineo;Due carreggiate;Asciutto;Asfaltata;Verticale ed orizzontale;Sereno;Normale;Buona;Ore Diurne;1;0;0;2;;;-1;2;Autovettura privata;In marcia / fermata / arresto;Conducente;M;Illeso;0;;Utilizzato;Inesistente
1733651;15;13/08/2007 19:30;Strada Urbana;VIA GIOVANNI VOLPATO;in corrispondenza;;del civico n. ;20;;Scontro laterale fra veicoli in marcia;Rettilineo;Due carreggiate;Asciutto;Asfaltata;Verticale ed orizzontale;Sereno;Normale;Buona;Ore Diurne;1;0;0;2;;;-1;2;Autovettura privata;In marcia / fermata / arresto;Passeggero;F;Illeso;0;;Utilizzato;Inesistente
1733654;16;08/08/2007 04:00;Strada Urbana;VIA LEONE XIII;in prossimità;;del palo luce n. ;45;;Veicolo in marcia contro ostacolo fisso;Curva a visuale libera;Due carreggiate;Asciutto;Asfaltata;Verticale;Sereno;Scarso;Buona;Sufficiente;1;0;0;0;;;-1;1;Autovettura privata;In marcia / fermata / arresto;Conducente;M;Rimandato;0;NON DECEDUTO;Non accertato;Inesistente