Protocollo;Gruppo;DataOraIncidente;Localizzazione1;STRADA1;Localizzazione2;STRADA2;Strada02;Chilometrica;DaSpecificare;NaturaIncidente;particolaritastrade;TipoStrada;FondoStradale;Pavimentazione;Segnaletica;CondizioneAtmosferica;Traffico;Visibilita;Illuminazione;NUM_FERITI;NUM_RISERVATA;NUM_MORTI;NUM_ILLESI;Longitudine;Latitudine;Confermato;Progressivo;TipoVeicolo;StatoVeicolo;TipoPersona;Sesso;Tipolesione;Deceduto;DecedutoDopo;CinturaCascoUtilizzato;Airbag
1733824;15;14/08/2007 22:15;Strada Urbana;LARGO GAETANO LA LOGGIA;all'intersezione con;VIA PORTUENSE;VIA PORTUENSE;;;Scontro frontale/laterale DX fra veicoli in marcia;Intersezione semaforizzata;Una carreggiata a doppio senso;Asciutto;Asfaltata;Verticale ed orizzontale;Sereno;Scarso;Sufficiente;Sufficiente;7;0;0;1;;;-1;2;Autovettura privata;In marcia / fermata / arresto;Conducente;M;Rimandato;0;NON DECEDUTO;Utilizzato;Inesistente
1733824;15;14/08/2007 22:15;Strada Urbana;LARGO GAETANO LA LOGGIA;all'intersezione con;VIA PORTUENSE;VIA PORTUENSE;;;Scontro frontale/laterale DX fra veicoli in marcia;Intersezione semaforizzata;Una carreggiata a doppio senso;Asciutto;Asfaltata;Verticale ed orizzontale;Sereno;Scarso;Sufficiente;Sufficiente;7;0;0;1;;;-1;2;Autovettura privata;In marcia / fermata / arresto;Passeggero;F;Rimandato;0;NON DECEDUTO;Utilizzato;Inesistente
1733824;15;14/08/2007 22:15;Strada Urbana;LARGO GAETANO LA LOGGIA;all'intersezione con;VIA PORTUENSE;VIA PORTUENSE;;;Scontro frontale/laterale DX fra veicoli in marcia;Intersezione semaforizzata;Una carreggiata a doppio senso;Asciutto;Asfaltata;Verticale ed orizzontale;Sereno;Scarso;Sufficiente;Sufficiente;7;0;0;1;;;-1;2;Autovettura privata;In marcia / fermata / arresto;Passeggero;F;Rimandato;0;NON DECEDUTO;Utilizzato;Inesistente
1733824;15;14/08/2007 22:15;Strada Urbana;LARGO GAETANO LA LOGGIA;all'intersezione con;VIA PORTUENSE;VIA PORTUENSE;;;Scontro frontale/laterale DX fra veicoli in marcia;Intersezione semaforizzata;Una carreggiata a doppio senso;Asciutto;Asfaltata;Verticale ed orizzontale;Sereno;Scarso;Sufficiente;Sufficiente;7;0;0;1;;;-1;2;Autovettura privata;In marcia / fermata / arresto;Passeggero;F;Ricoverato;0;NON DECEDUTO;Utilizzato;Inesistente
1733835;18;14/08/2007 18:10;Strada Urbana;VIA DI CASAL SELCE;da specificare;;;;all'intersezione con uscita rampa Via Aurelia;Scontro frontale/laterale DX fra veicoli in marcia;Rettilineo;Due carreggiate;Asciutto;Asfaltata;Orizzontale;Sereno;Normale;Buona;Ore Diurne;0;0;0;3;;;-1;1;Autocarro inferiore 35 q.;In marcia / fermata / arresto;Conducente;M;Illeso;0;;Non accertato;Inesistente
1733835;18;14/08/2007 18:10;Strada Urbana;VIA DI CASAL SELCE;da specificare;;;;all'intersezione con uscita rampa Via Aurelia;Scontro frontale/laterale DX fra veicoli in marcia;Rettilineo;Due carreggiate;Asciutto;Asfaltata;Orizzontale;Sereno;Normale;Buona;Ore Diurne;0;0;0;3;;;-1;2;Autovettura privata;In marcia / fermata / arresto;Conducente;M;Illeso;0;;Non accertato;Inesploso
1733835;18;14/08/2007 18:10;Strada Urbana;VIA DI CASAL SELCE;da specificare;;;;all'intersezione con uscita rampa Via Aurelia;Scontro frontale/laterale DX fra veicoli in marcia;Rettilineo;Due carreggiate;Asciutto;Asfaltata;Orizzontale;Sereno;Normale;Buona;Ore Diurne;0;0;0;3;;;-1;2;Autovettura privata;In marcia / fermata / arresto;Passeggero;F;Illeso;0;;Non accertato;Inesploso
1733836;18;16/08/2007 08:30;Strada Urbana;CIRCONVALLAZIONE CORNELIA;da specificare;;;;fronte via Pagano;Investimento di pedone;Rettilineo;Due carreggiate;Asciutto;Asfaltata;Verticale ed orizzontale;Sereno;Normale;Buona;Ore Diurne;0;1;0;1;;;-1;;;;Pedone;F;Prognosi riservata;0;NON DECEDUTO;;
1733836;18;16/08/2007 08:30;Strada Urbana;CIRCONVALLAZIONE CORNELIA;da specificare;;;;fronte via Pagano;Investimento di pedone;Rettilineo;Due carreggiate;Asciutto;Asfaltata;Verticale ed orizzontale;Sereno;Normale;Buona;Ore Diurne;0;1;0;1;;;-1;1;Autocarro inferiore 35 q.;In marcia / fermata / arresto;Conducente;M;Illeso;0;;Non accertato;Inesistente
1733837;19;14/08/2007 19:30;Strada Urbana;VIA TRIONFALE;in corrispondenza;;del civico n. ;10019;;Veicolo in marcia contro ostacolo fisso;Rettilineo;Una carreggiata a doppio senso;Asciutto;Asfaltata;Verticale ed orizzontale;Sereno;Normale;Buona;Ore Diurne;0;0;0;1;;;-1;1;Autovettura privata;In marcia / fermata / arresto;Conducente;M;Illeso;0;;Utilizzato;Esploso
1733838;19;15/08/2007 16:20;Strada Urbana;VIA DI CASAL DEL MARMO;all'intersezione con;VIA GIUSEPPE BOFFITO;VIA GIUSEPPE BOFFITO;;;Scontro frontale/laterale DX fra veicoli in marcia;Incrocio;Una carreggiata a doppio senso;Asciutto;Asfaltata;Assente;Sereno;Scarso;Buona;Ore Diurne;3;0;0;0;;;-1;1;Autovettura privata;In marcia / fermata / arresto;Conducente;M;Rimandato;0;NON DECEDUTO;Utilizzato;Inesploso
1733838;19;15/08/2007 16:20;Strada Urbana;VIA DI CASAL DEL MARMO;all'intersezione con;VIA GIUSEPPE BOFFITO;VIA GIUSEPPE BOFFITO;;;Scontro frontale/laterale DX fra veicoli in marcia;Incrocio;Una carreggiata a doppio senso;Asciutto;Asfaltata;Assente;Sereno;Scarso;Buona;Ore Diurne;3;0;0;0;;;-1;2;Autovettura privata;In marcia / fermata / arresto;Conducente;M;Rimandato;0;NON DECEDUTO;Utilizzato;Inesploso
1733838;19;15/08/2007 16:20;Strada Urbana;VIA DI CASAL DEL MARMO;all'intersezione con;VIA GIUSEPPE BOFFITO;VIA GIUSEPPE BOFFITO;;;Scontro frontale/laterale DX fra veicoli in marcia;Incrocio;Una carreggiata a doppio senso;Asciutto;Asfaltata;Assente;Sereno;Scarso;Buona;Ore Diurne;3;0;0;0;;;-1;2;Autovettura privata;In marcia / fermata / arresto;Passeggero;F;Rimandato;0;NON DECEDUTO;Utilizzato;Inesploso
1733841;1;15/08/2007 14:15;Strada Urbana;VIA LABICANA;all'intersezione semaforizzata con;VIA MERULANA;VIA MERULANA;;;Scontro frontale/laterale DX fra veicoli in marcia;Incrocio;Una carreggiata a doppio senso;Asciutto;Asfaltata;Verticale ed orizzontale;Sereno;Scarso;Buona;Ore Diurne;3;0;0;0;;;-1;1;Motociclo a solo;In marcia / fermata / arresto;Conducente;M;Rimandato;0;NON DECEDUTO;Non accertato;Inesistente
1733841;1;15/08/2007 14:15;Strada Urbana;VIA LABICANA;all'intersezione semaforizzata con;VIA MERULANA;VIA MERULANA;;;Scontro frontale/laterale DX fra veicoli in marcia;Incrocio;Una carreggiata a doppio senso;Asciutto;Asfaltata;Verticale ed orizzontale;Sereno;Scarso;Buona;Ore Diurne;3;0;0;0;;;-1;2;Autovettura privata;In marcia / fermata / arresto;Conducente;M;Rifiuta cure immediate;0;NON DECEDUTO;Non accertato;Inesistente
1733841;1;15/08/2007 14:15;Strada Urbana;VIA LABICANA;all'intersezione semaforizzata con;VIA MERULANA;VIA MERULANA;;;Scontro frontale/laterale DX fra veicoli in marcia;Incrocio;Una carreggiata a doppio senso;Asciutto;Asfaltata;Verticale ed orizzontale;Sereno;Scarso;Buona;Ore Diurne;3;0;0;0;;;-1;2;Autovettura privata;In marcia / fermata / arresto;Passeggero;M;Rifiuta cure immediate;0;NON DECEDUTO;Non accertato;Inesistente
1733842;2;15/08/2007 21:15;Strada Urbana;VIALE PARIOLI;all'intersezione semaforizzata con;VIALE DELLA MOSCHEA;VIALE DELLA MOSCHEA;;;Veicolo in marcia contro veicolo arresto;Intersezione semaforizzata;Una carreggiata a doppio senso;Asciutto;Asfaltata;Verticale ed orizzontale;Sereno;Scarso;Buona;Sufficiente;0;0;0;3;;;-1;1;Autovettura privata;In marcia / fermata / arresto;Conducente;M;Illeso;0;;Non accertato;Inesistente
1733842;2;15/08/2007 21:15;Strada Urbana;VIALE PARIOLI;all'intersezione semaforizzata con;VIALE DELLA MOSCHEA;VIALE DELLA MOSCHEA;;;Veicolo in marcia contro veicolo arresto;Intersezione semaforizzata;Una carreggiata a doppio senso;Asciutto;Asfaltata;Verticale ed orizzontale;Sereno;Scarso;Buona;Sufficiente;0;0;0;3;;;-1;1;Autovettura privata;In marcia / fermata / arresto;Passeggero;F;Illeso;0;;Non accertato;Inesistente
1733842;2;15/08/2007 21:15;Strada Urbana;VIALE PARIOLI;all'intersezione semaforizzata con;VIALE DELLA MOSCHEA;VIALE DELLA MOSCHEA;;;Veicolo in marcia contro veicolo arresto;Intersezione semaforizzata;Una carreggiata a doppio senso;Asciutto;Asfaltata;Verticale ed orizzontale;Sereno;Scarso;Buona;Sufficiente;0;0;0;3;;;-1;2;Autovettura privata;In marcia / fermata / arresto;Conducente;M;Illeso;0;;Non accertato;Inesistente
1733843;3;13/08/2007 10:00;Strada Urbana;VIA NOMENTANA;all'intersezione semaforizzata con;VIALE REGINA MARGHERITA;VIALE REGINA MARGHERITA;;;Scontro frontale/laterale SX fra veicoli in marcia;Intersezione semaforizzata;Più di due carreggiate;Asciutto;Asfaltata;Verticale ed orizzontale;Sereno;Normale;Buona;Ore Diurne;2;0;0;1;;;-1;1;Autovettura privata;In marcia / fermata / arresto;Conducente;F;Illeso;0;;Utilizzato;Inesistente
1733843;3;13/08/2007 10:00;Strada Urbana;VIA NOMENTANA;all'intersezione semaforizzata con;VIALE REGINA MARGHERITA;VIALE REGINA MARGHERITA;;;Scontro frontale/laterale SX fra veicoli in marcia;Intersezione semaforizzata;Più di due carreggiate;Asciutto;Asfaltata;Verticale ed orizzontale;Sereno;Normale;Buona;Ore Diurne;2;0;0;1;;;-1;2;Motociclo con passeggero;In marcia / fermata / arresto;Conducente;F;Ricoverato;0;NON DECEDUTO;Utilizzato;Inesistente
1733843;3;13/08/2007 10:00;Strada Urbana;VIA NOMENTANA;all'intersezione semaforizzata con;VIALE REGINA MARGHERITA;VIALE REGINA MARGHERITA;;;Scontro frontale/laterale SX fra veicoli in marcia;Intersezione semaforizzata;Più di due carreggiate;Asciutto;Asfaltata;Verticale ed orizzontale;Sereno;Normale;Buona;Ore Diurne;2;0;0;1;;;-1;2;Motociclo con passeggero;In marcia / fermata / arresto;Passeggero;F;Ricoverato;0;NON DECEDUTO;Utilizzato;Inesistente
1733844;3;13/08/2007 22:30;Strada Urbana;PIAZZALE DI PORTA PIA;all'intersezione semaforizzata con;VIA VENTI SETTEMBRE;VIA VENTI SETTEMBRE;;;Scontro frontale/laterale DX fra veicoli in marcia;Intersezione semaforizzata;Una carreggiata a doppio senso;Asciutto;Asfaltata;Verticale ed orizzontale;Sereno;Scarso;Buona;Sufficiente;0;0;0;8;;;-1;1;Autovettura privata;In marcia / fermata / arresto;Conducente;M;Illeso;0;;Non accertato;Inesistente
1733844;3;13/08/2007 22:30;Strada Urbana;PIAZZALE DI PORTA PIA;all'intersezione semaforizzata con;VIA VENTI SETTEMBRE;VIA VENTI SETTEMBRE;;;Scontro frontale/laterale DX fra veicoli in marcia;Intersezione semaforizzata;Una carreggiata a doppio senso;Asciutto;Asfaltata;Verticale ed orizzontale;Sereno;Scarso;Buona;Sufficiente;0;0;0;8;;;-1;1;Autovettura privata;In marcia / fermata / arresto;Passeggero;F;Illeso;0;;Non accertato;Inesistente
1733844;3;13/08/2007 22:30;Strada Urbana;PIAZZALE DI PORTA PIA;all'intersezione semaforizzata con;VIA VENTI SETTEMBRE;VIA VENTI SETTEMBRE;;;Scontro frontale/laterale DX fra veicoli in marcia;Intersezione semaforizzata;Una carreggiata a doppio senso;Asciutto;Asfaltata;Verticale ed orizzontale;Sereno;Scarso;Buona;Sufficiente;0;0;0;8;;;-1;1;Autovettura privata;In marcia / fermata / arresto;Passeggero;M;Illeso;0;;Non accertato;Inesistente
1733844;3;13/08/2007 22:30;Strada Urbana;PIAZZALE DI PORTA PIA;all'intersezione semaforizzata con;VIA VENTI SETTEMBRE;VIA VENTI SETTEMBRE;;;Scontro frontale/laterale DX fra veicoli in marcia;Intersezione semaforizzata;Una carreggiata a doppio senso;Asciutto;Asfaltata;Verticale ed orizzontale;Sereno;Scarso;Buona;Sufficiente;0;0;0;8;;;-1;1;Autovettura privata;In marcia / fermata / arresto;Passeggero;F;Illeso;0;;Non accertato;Inesistente
1733844;3;13/08/2007 22:30;Strada Urbana;PIAZZALE DI PORTA PIA;all'intersezione semaforizzata con;VIA VENTI SETTEMBRE;VIA VENTI SETTEMBRE;;;Scontro frontale/laterale DX fra veicoli in marcia;Intersezione semaforizzata;Una carreggiata a doppio senso;Asciutto;Asfaltata;Verticale ed orizzontale;Sereno;Scarso;Buona;Sufficiente;0;0;0;8;;;-1;2;Autovettura privata;In marcia / fermata / arresto;Conducente;M;Illeso;0;;Non accertato;Inesistente
1733844;3;13/08/2007 22:30;Strada Urbana;PIAZZALE DI PORTA PIA;all'intersezione semaforizzata con;VIA VENTI SETTEMBRE;VIA VENTI SETTEMBRE;;;Scontro frontale/laterale DX fra veicoli in marcia;Intersezione semaforizzata;Una carreggiata a doppio senso;Asciutto;Asfaltata;Verticale ed orizzontale;Sereno;Scarso;Buona;Sufficiente;0;0;0;8;;;-1;2;Autovettura privata;In marcia / fermata / arresto;Passeggero;F;Illeso;0;;Non accertato;Inesistente
1733844;3;13/08/2007 22:30;Strada Urbana;PIAZZALE DI PORTA PIA;all'intersezione semaforizzata con;VIA VENTI SETTEMBRE;VIA VENTI SETTEMBRE;;;Scontro frontale/laterale DX fra veicoli in marcia;Intersezione semaforizzata;Una carreggiata a doppio senso;Asciutto;Asfaltata;Verticale ed orizzontale;Sereno;Scarso;Buona;Sufficiente;0;0;0;8;;;-1;2;Autovettura privata;In marcia / fermata / arresto;Passeggero;F;Illeso;0;;Non accertato;Inesistente
1733844;3;13/08/2007 22:30;Strada Urbana;PIAZZALE DI PORTA PIA;all'intersezione semaforizzata con;VIA VENTI SETTEMBRE;VIA VENTI SETTEMBRE;;;Scontro frontale/laterale DX fra veicoli in marcia;Intersezione semaforizzata;Una carreggiata a doppio senso;Asciutto;Asfaltata;Verticale ed orizzontale;Sereno;Scarso;Buona;Sufficiente;0;0;0;8;;;-1;2;Autovettura privata;In marcia / fermata / arresto;Passeggero;M;Illeso;0;;Utilizzato;Inesistente
1733845;4;06/08/2007 10:30;Strada Urbana;VIA VAL D'OSSOLA;in corrispondenza;;del civico n. ;62;;Veicolo in marcia contro ostacolo accidentale;Rettilineo;Due carreggiate;Asciutto;Asfaltata;Assente;Sereno;Normale;Buona;Ore Diurne;0;0;0;2;;;-1;1;Autovettura privata;In marcia / fermata / arresto;Conducente;M;Illeso;0;;Non accertato;Inesistente
1733845;4;06/08/2007 10:30;Strada Urbana;VIA VAL D'OSSOLA;in corrispondenza;;del civico n. ;62;;Veicolo in marcia contro ostacolo accidentale;Rettilineo;Due carreggiate;Asciutto;Asfaltata;Assente;Sereno;Normale;Buona;Ore Diurne;0;0;0;2;;;-1;1;Autovettura privata;In marcia / fermata / arresto;Passeggero;F;Illeso;0;;Non accertato;Inesistente
1733846;4;06/08/2007 14:50;Strada Urbana;VIA VAL DI LANZO;all'intersezione con;VIA VAL SANTERNO;VIA VAL SANTERNO;;;Scontro frontale/laterale SX fra veicoli in marcia;Intersezione stradale segnalata;Una carreggiata a senso unico di marcia;Asciutto;Asfaltata;Verticale ed orizzontale;Sereno;Scarso;Buona;Ore Diurne;2;0;0;0;;;-1;1;Autovettura privata;In marcia / fermata / arresto;Conducente;F;Rimandato;0;NON DECEDUTO;Non accertato;Inesistente
1733846;4;06/08/2007 14:50;Strada Urbana;VIA VAL DI LANZO;all'intersezione con;VIA VAL SANTERNO;VIA VAL SANTERNO;;;Scontro frontale/laterale SX fra veicoli in marcia;Intersezione stradale segnalata;Una carreggiata a senso unico di marcia;Asciutto;Asfaltata;Verticale ed orizzontale;Sereno;Scarso;Buona;Ore Diurne;2;0;0;0;;;-1;2;Autobus urbano;In marcia / fermata / arresto;Conducente;M;Rifiuta cure immediate;0;NON DECEDUTO;Esente;Inesistente
1733847;4;06/08/2007 15:30;Strada Urbana;VIA GASPARA STAMPA;all'intersezione con;VIA FRANCESCO D'OVIDIO;VIA FRANCESCO D'OVIDIO;;;Scontro frontale/laterale SX fra veicoli in marcia;Incrocio;Una carreggiata a senso unico di marcia;Asciutto;Asfaltata;Verticale ed orizzontale;Sereno;Scarso;Buona;Ore Diurne;0;0;0;2;;;-1;1;Autovettura privata;In marcia / fermata / arresto;Conducente;F;Illeso;0;;Utilizzato;Inesploso
1733847;4;06/08/2007 15:30;Strada Urbana;VIA GASPARA STAMPA;all'intersezione con;VIA FRANCESCO D'OVIDIO;VIA FRANCESCO D'OVIDIO;;;Scontro frontale/laterale SX fra veicoli in marcia;Incrocio;Una carreggiata a senso unico di marcia;Asciutto;Asfaltata;Verticale ed orizzontale;Sereno;Scarso;Buona;Ore Diurne;0;0;0;2;;;-1;2;Autovettura privata;In marcia / fermata / arresto;Conducente;M;Illeso;0;;Non accertato;Inesistente
1733848;4;06/08/2007 17:05;Statale entro l'abitato;VIA SALARIA;da specificare;;;;50 mt. dopo Via Prato della Signora dir. GRA;Tamponamento;Rettilineo;Due carreggiate;Asciutto;Asfaltata;Orizzontale;Sereno;Intenso;Buona;Ore Diurne;0;0;0;2;;;-1;1;Autovettura di polizia;In marcia / fermata / arresto;Conducente;M;Illeso;0;;Non accertato;Inesistente
1733848;4;06/08/2007 17:05;Statale entro l'abitato;VIA SALARIA;da specificare;;;;50 mt. dopo Via Prato della Signora dir. GRA;Tamponamento;Rettilineo;Due carreggiate;Asciutto;Asfaltata;Orizzontale;Sereno;Intenso;Buona;Ore Diurne;0;0;0;2;;;-1;2;Autocarro inferiore 35 q.;In marcia / fermata / arresto;Conducente;M;Illeso;0;;Non accertato;Inesistente
1733849;4;06/08/2007 20:00;Strada Urbana;VIA DELLE VIGNE NUOVE;in corrispondenza;;del civico n. ;551;;Tamponamento Multiplo;Curva a visuale libera;Una carreggiata a senso unico di marcia;Asciutto;Asfaltata;Orizzontale;Sereno;Normale;Buona;Ore Diurne;2;0;0;3;;;-1;1;Autovettura privata;In marcia / fermata / arresto;Conducente;M;Illeso;0;;Non accertato;Inesistente
1733849;4;06/08/2007 20:00;Strada Urbana;VIA DELLE VIGNE NUOVE;in corrispondenza;;del civico n. ;551;;Tamponamento Multiplo;Curva a visuale libera;Una carreggiata a senso unico di marcia;Asciutto;Asfaltata;Orizzontale;Sereno;Normale;Buona;Ore Diurne;2;0;0;3;;;-1;2;Autovettura privata;In marcia / fermata / arresto;Conducente;M;Illeso;0;;Non accertato;Inesploso
1733849;4;06/08/2007 20:00;Strada Urbana;VIA DELLE VIGNE NUOVE;in corrispondenza;;del civico n. ;551;;Tamponamento Multiplo;Curva a visuale libera;Una carreggiata a senso unico di marcia;Asciutto;Asfaltata;Orizzontale;Sereno;Normale;Buona;Ore Diurne;2;0;0;3;;;-1;2;Autovettura privata;In marcia / fermata / arresto;Passeggero;F;Rimandato;0;NON DECEDUTO;Non accertato;Inesistente
1733849;4;06/08/2007 20:00;Strada Urbana;VIA DELLE VIGNE NUOVE;in corrispondenza;;del civico n. ;551;;Tamponamento Multiplo;Curva a visuale libera;Una carreggiata a senso unico di marcia;Asciutto;Asfaltata;Orizzontale;Sereno;Normale;Buona;Ore Diurne;2;0;0;3;;;-1;3;Autovettura privata;In marcia / fermata / arresto;Conducente;M;Illeso;0;;Non accertato;Inesploso
1733849;4;06/08/2007 20:00;Strada Urbana;VIA DELLE VIGNE NUOVE;in corrispondenza;;del civico n. ;551;;Tamponamento Multiplo;Curva a visuale libera;Una carreggiata a senso unico di marcia;Asciutto;Asfaltata;Orizzontale;Sereno;Normale;Buona;Ore Diurne;2;0;0;3;;;-1;3;Autovettura privata;In marcia / fermata / arresto;Passeggero;F;Rimandato;0;NON DECEDUTO;Non accertato;Inesistente
1733850;4;07/08/2007 09:55;Strada Urbana;VIA RADICOFANI;in corrispondenza;;del civico n. ;131;;Scontro frontale/laterale SX fra veicoli in marcia;Rettilineo;Una carreggiata a doppio senso;Asciutto;Asfaltata;Verticale ed orizzontale;Sereno;Normale;Buona;Ore Diurne;1;0;0;2;;;-1;1;Autovettura privata;In marcia / fermata / arresto;Conducente;F;Illeso;0;;Non accertato;Inesistente
1733850;4;07/08/2007 09:55;Strada Urbana;VIA RADICOFANI;in corrispondenza;;del civico n. ;131;;Scontro frontale/laterale SX fra veicoli in marcia;Rettilineo;Una carreggiata a doppio senso;Asciutto;Asfaltata;Verticale ed orizzontale;Sereno;Normale;Buona;Ore Diurne;1;0;0;2;;;-1;1;Autovettura privata;In marcia / fermata / arresto;Passeggero;F;Illeso;0;;Non accertato;Inesistente
1733850;4;07/08/2007 09:55;Strada Urbana;VIA RADICOFANI;in corrispondenza;;del civico n. ;131;;Scontro frontale/laterale SX fra veicoli in marcia;Rettilineo;Una carreggiata a doppio senso;Asciutto;Asfaltata;Verticale ed orizzontale;Sereno;Normale;Buona;Ore Diurne;1;0;0;2;;;-1;2;Motociclo a solo;In marcia / fermata / arresto;Conducente;M;Rifiuta cure immediate;0;NON DECEDUTO;Non accertato;Inesistente
1733851;4;07/08/2007 12:30;Strada Urbana;VIA TEOFILO FOLENGO;all'intersezione con;VIA ANTONIO FOGAZZARO;VIA ANTONIO FOGAZZARO;;;Scontro frontale/laterale SX fra veicoli in marcia;Incrocio;Una carreggiata a senso unico di marcia;Asciutto;Asfaltata;Verticale ed orizzontale;Sereno;Normale;Buona;Ore Diurne;1;0;0;1;;;-1;1;Autovettura privata;In marcia / fermata / arresto;Conducente;F;Rifiuta cure immediate;0;NON DECEDUTO;Non accertato;Inesistente
1733851;4;07/08/2007 12:30;Strada Urbana;VIA TEOFILO FOLENGO;all'intersezione con;VIA ANTONIO FOGAZZARO;VIA ANTONIO FOGAZZARO;;;Scontro frontale/laterale SX fra veicoli in marcia;Incrocio;Una carreggiata a senso unico di marcia;Asciutto;Asfaltata;Verticale ed orizzontale;Sereno;Normale;Buona;Ore Diurne;1;0;0;1;;;-1;2;Autovettura privata;In marcia / fermata / arresto;Conducente;F;Illeso;0;;Non accertato;Inesistente
1733852;4;07/08/2007 12:45;Strada Urbana;VIA DELLA BUFALOTTA;da specificare;;;;fronte Via Nisida;Scontro frontale/laterale SX fra veicoli in marcia;Rettilineo;Una carreggiata a doppio senso;Asciutto;Asfaltata;Orizzontale;Sereno;Normale;Buona;Ore Diurne;2;0;0;0;;;-1;1;Autovettura privata;In marcia / fermata / arresto;Conducente;F;Rimandato;0;NON DECEDUTO;Non accertato;Inesistente
1733852;4;07/08/2007 12:45;Strada Urbana;VIA DELLA BUFALOTTA;da specificare;;;;fronte Via Nisida;Scontro frontale/laterale SX fra veicoli in marcia;Rettilineo;Una carreggiata a doppio senso;Asciutto;Asfaltata;Orizzontale;Sereno;Normale;Buona;Ore Diurne;2;0;0;0;;;-1;2;Motociclo a solo;In marcia / fermata / arresto;Conducente;M;Rimandato;0;NON DECEDUTO;Non accertato;Inesistente
1733853;4;07/08/2007 17:00;Strada Urbana;VIA MONTE CERVIALTO;in corrispondenza;;del civico n. ;74;;Scontro frontale/laterale SX fra veicoli in marcia;Rettilineo;Più di due carreggiate;Asciutto;Asfaltata;Verticale ed orizzontale;Sereno;Normale;Buona;Ore Diurne;0;0;0;2;;;-1;1;Motociclo a solo;In marcia / fermata / arresto;Conducente;M;Illeso;0;;Non accertato;Inesistente
1733853;4;07/08/2007 17:00;Strada Urbana;VIA MONTE CERVIALTO;in corrispondenza;;del civico n. ;74;;Scontro frontale/laterale SX fra veicoli in marcia;Rettilineo;Più di due carreggiate;Asciutto;Asfaltata;Verticale ed orizzontale;Sereno;Normale;Buona;Ore Diurne;0;0;0;2;;;-1;2;Autovettura privata;In marcia / fermata / arresto;Conducente;M;Illeso;0;;Non accertato;Inesistente
1733854;4;07/08/2007 15:35;Strada Urbana;VIA DI SETTEBAGNI;da specificare;;;;altezza Via Lello Maddaleno;Scontro frontale/laterale SX fra veicoli in marcia;Curva senza visuale libera;Una carreggiata a doppio senso;Asciutto;Asfaltata;Verticale ed orizzontale;Sereno;Normale;Buona;Ore Diurne;0;0;0;2;;;-1;1;Autovettura privata;In marcia / fermata / arresto;Conducente;M;Illeso;0;;Non accertato;Esploso
1733854;4;07/08/2007 15:35;Strada Urbana;VIA DI SETTEBAGNI;da specificare;;;;altezza Via Lello Maddaleno;Scontro frontale/laterale SX fra veicoli in marcia;Curva senza visuale libera;Una carreggiata a doppio senso;Asciutto;Asfaltata;Verticale ed orizzontale;Sereno;Normale;Buona;Ore Diurne;0;0;0;2;;;-1;2;Autovettura privata;In marcia / fermata / arresto;Conducente;M;Illeso;0;;Non accertato;Inesploso
1733855;4;07/08/2007 17:50;Statale entro l'abitato;VIA SALARIA;da specificare;;;;altezza Via Modesto Panetti;Fuoriuscita dalla sede stradale;Rettilineo;Una carreggiata a doppio senso;Asciutto;Asfaltata;Verticale ed orizzontale;Sereno;Normale;Buona;Ore Diurne;0;0;0;1;;;-1;1;Motociclo a solo;In marcia / fermata / arresto;Conducente;M;Illeso;0;;Non accertato;Inesistente
1733856;4;16/08/2007 16:00;Strada Urbana;VIA ALESSANDRO FORTIS;in corrispondenza;;del civico n. ;5;;Veicolo in marcia contro veicolo in sosta;Rettilineo;Una carreggiata a senso unico di marcia;Asciutto;Asfaltata;Assente;Sereno;Scarso;Buona;Ore Diurne;0;0;0;2;;;-1;1;Autovettura privata;In marcia / fermata / arresto;Conducente;M;Illeso;0;;Non accertato;Inesploso
1733856;4;16/08/2007 16:00;Strada Urbana;VIA ALESSANDRO FORTIS;in corrispondenza;;del civico n. ;5;;Veicolo in marcia contro veicolo in sosta;Rettilineo;Una carreggiata a senso unico di marcia;Asciutto;Asfaltata;Assente;Sereno;Scarso;Buona;Ore Diurne;0;0;0;2;;;-1;1;Autovettura privata;In marcia / fermata / arresto;Passeggero;M;Illeso;0;;Non accertato;Inesistente
1733857;4;16/08/2007 17:30;Strada Urbana;VIA VIRGILIO TALLI;in prossimità;;del civico n. ;170;;Investimento di pedone;Rettilineo;Una carreggiata a doppio senso;Asciutto;Asfaltata;Orizzontale;Sereno;Normale;Buona;Ore Diurne;1;0;0;1;;;-1;;;;Pedone;M;Rimandato;0;NON DECEDUTO;;
1733857;4;16/08/2007 17:30;Strada Urbana;VIA VIRGILIO TALLI;in prossimità;;del civico n. ;170;;Investimento di pedone;Rettilineo;Una carreggiata a doppio senso;Asciutto;Asfaltata;Orizzontale;Sereno;Normale;Buona;Ore Diurne;1;0;0;1;;;-1;1;Autovettura privata;In marcia / fermata / arresto;Conducente;F;Illeso;0;;Non accertato;Inesistente
1733863;5;03/08/2007 15:30;Statale entro l'abitato;VIA TIBURTINA;da specificare;;;;cavalcavia  VIA  CAVE  DI  PIETRALATA;Scontro frontale/laterale SX fra veicoli in marcia;Rettilineo;Più di due carreggiate;Asciutto;Asfaltata;Verticale ed orizzontale;Sereno;Normale;Buona;Ore Diurne;0;0;0;3;;;-1;1;Autovettura privata;In marcia / fermata / arresto;Conducente;F;Illeso;0;;Non accertato;Inesistente